az_url,ys_url,sv_url,image,name,price,brand,sv_star,sv_num_reviews,ys_star,ys_num_reviews, az_star, az_num_reviews
https://www.amazon.com/Thunder-Tech-Softymo-Cleansing-RemoverJapan/dp/B0CGCCR1NH/ref=sr_1_1?crid=2WMN99PSFOSCZ&dib=eyJ2IjoiMSJ9.-wj5hHV--PHifSbUBWxVGswGrXss3Lza-5UHoogzKFH3zub07IO3E2SzGp5cwnJAyzw3DNYKhvMTag3KBM6zG7vzuWyzIcR_AC-rOiftd5Nev4Rity7qcqD0G3Ln70RNobuOKcqEUGjcrJHTwbtHkLck3yy1LZlbS5afX7B2IEbd5bhrB3GDhR0UIpBi9oDyog4-5PqtRN1V-0j6CIor1B51a8SEHa4VTrW-KCc0uI7D_GiEaezbpah8Dq2OSCeHj3iLsqpKRkjwCXkE4nysRLKbAVb7jCpdAlV2HRgkOH8.Cp_yrxMjO8SVrIvExKBonrmM6hH78JCVSnJTH0Er-aQ&dib_tag=se&keywords=Softymo+Speedy+Cleansing+Oil&qid=1748729884&sprefix=softymo+speedy+cleansing+oil+%2Caps%2C156&sr=8-1,https://www.yesstyle.com/en/kose-softymo-cleansing-oil-deep-240ml-pokemon-limited-edition/info.html/pid.1078637072,https://www.stylevana.com/en_US/kose-softymo-speedy-cleansing-oil-pump-2024-version-240ml4220.html,https://sv9-cdn.stylevana.com/media/catalog/product/cache/7e00eb21d3013c69d32459d0d98e2fbf/k/o/kose-softymo-speedy-cleansing-oil-pump-2024-version-240ml-77.jpg,Kose - Softymo Speedy Cleansing Oil Pump (2024 Version) - 240ml,$15.49,Kose,4.7,45,4.6,7079,4.5,1414
https://www.amazon.com/SKIN1004-Madagascar-Cleansing-cleansing-Hypoallergenic/dp/B07T5BN3P2/ref=sr_1_1?crid=12C9CEEC6A4ZJ&dib=eyJ2IjoiMSJ9.lJDggo12uWlyGXZZPzOgWSr1xQJgR4ahFvNtyIynWXI6vYv7wbN-EO1dYNIVWvW9TqQcw63cKPBx3mF6GrHslo2780LoMwPMVlXxjb4XIXnlLzYgwwVhWtQUZBiGZ4ZdNKOcHgeA9fQvDl5T53AwaRBVp2Rn6R6LZUYUG3RUELoYInu0RNAczsTd9SiWNdJxSEjt7zh_y9AdYqZvNVrUINK5x9RRPad0u_4AshhWZeX4gkUqj-zysYb_rULH7XpeY_QTDVjZ1VYd3My6F_IsQ_M2jl6ab95nIBeJhgSb5wM.476NeWnDogWlrUGgcvtrwfKmQOYpjJwtuzKzMRrNKzo&dib_tag=se&keywords=skin+1004+cleansing+oil&qid=1748730523&sprefix=skin+1004+clean%2Caps%2C168&sr=8-1,https://www.yesstyle.com/en/skin-1004-madagascar-centella-light-cleansing-oil-200ml/info.html/pid.1077182361,https://www.stylevana.com/en_US/skin1004-madagascar-centella-light-cleansing-oil-200ml4433.html,https://sv9-cdn.stylevana.com/media/catalog/product/cache/7e00eb21d3013c69d32459d0d98e2fbf/s/k/skin1004-madagascar-centella-light-cleansing-oil-200ml-802.jpg,SKIN1004 - Madagascar Centella Light Cleansing Oil - 200ml,$14.11,SKIN1004,4.4,908,4.7,15935,4.5,5932
https://www.amazon.com/DHC-Deep-Cleansing-Oil-6-7/dp/B001UE60E0/ref=sr_1_1?crid=2BYWHNEPOA2LG&dib=eyJ2IjoiMSJ9.jH_OMyJBr-wD12R_BK6MLvHwDI_4Oy_dQTqfyCL0LwaHtRS53_-UkcSWGSYnRWSVj1CX6LRYqkKTML6F7nWKAOka3lNJQg6QhJhf7BTiaMpU2APFgAum8WzsIxuGYJf-5XbzEqk3vP_jOtY1gf0qDSPkG2rtEdK7SGvecffGc37uFTRYr9AOBX1eMFFrPSDv6PmM8TpGSrfF-mxxvBiXSyed7tIkFzdgZFKhO04U4qjQvTLm-ORSSvXrEC4hoPBo1GM4nPV6ufPIMGbtPIsuN0XCSwtSg9iczRIQB1e3-sM.cxB2iAhoE7LDYAqWdtURa_TGx4whTs3-6QqCYJAev54&dib_tag=se&keywords=dhc%2Bcleansing%2Boil&qid=1748729940&sprefix=dhc%2B%2Caps%2C171&sr=8-1&th=1,https://www.yesstyle.com/en/dhc-deep-cleansing-oil/info.html/pid.1122079076,https://www.stylevana.com/en_US/dhc-deep-cleansing-oil.html,https://sv9-cdn.stylevana.com/media/catalog/product/cache/7e00eb21d3013c69d32459d0d98e2fbf/d/h/dhc-deep-cleansing-oil-200ml-340.jpg,DHC - Deep Cleansing Oil,$28.99,DHC,4.6,39,4.7,1144,4.6,23948
https://www.amazon.com/Esfolio-Collagen-Cleansing-Foam-5-29oz/dp/B08YWQB9L7/ref=sr_1_1?crid=2OV9BYE6S8MMM&dib=eyJ2IjoiMSJ9.QZoeAp4B8wPE98DD5KlRmrxpCUkkofCZIzmtmPj7fersaG5FWBo5jj3oQl5oUdPI4JcPGt7N9N3yewHJgmzBZVmz8oel0kSeOhLop87ozsa-s-5JpIVe92Hm8pnSNOkcGK7a1p8PZz7nnYVr4ZaTEGDRR1YkRrfNnEKoe8PYsIUv_2ONQWyeN0edUbv-ZK6z_9RAoRp5O7UaFI_8Bi41WJPkSxubLDBlulqnhUGX6NFBzicm0ReV5Isz6vil5yDiP0eu8z9UwXtIOs26Mc3XRcK5Z6TmCXhMPjEfBlNAvcM.OZMmrQKw1ofevxj7N3kE1eLTz3WW3ZKltSkkvYD3_FE&dib_tag=se&keywords=esfolio%2BPure%2BSkin%2BCleansing%2BFoam&qid=1748729988&sprefix=esfolio%2Bpure%2Bskin%2Bcleansing%2Bfoam%2Caps%2C171&sr=8-1&th=1,https://www.yesstyle.com/en/esfolio-pure-skin-collagen-cleansing-foam-150ml/info.html/pid.1097592764,https://www.stylevana.com/en_US/esfolio-pure-skin-cleansing-foam-150g.html,https://sv9-cdn.stylevana.com/media/catalog/product/cache/7e00eb21d3013c69d32459d0d98e2fbf/e/s/esfolio-pure-skin-cleansing-foam-150g-752.jpg,esfolio - Pure Skin Cleansing Foam - 150g,$5.09,esfolio,4.6,23,4.8,24,4.7,784
https://www.amazon.com/beplain-pH-Balanced-Cleansing-Fragrance-Free-Non-Comedogenic/dp/B0DRBKTCL1/ref=sr_1_5?crid=1VG5ESMGITEWV&dib=eyJ2IjoiMSJ9.fEaNAOPlXqrDS1beFiFMHikQJdlpy_Ch1Em6ujIK5VOZX_n-tKC4K_MLr9p6Lc4rCPLLCAfKHLrikOo-2WVOZDeG6X6NxiytNHA44K_0391MS4GhoNkOkOwXUJjlqZssq8wDFaufEdbmUBLu_cJtni8IC13iDcDguOFyFuO3X6IclfMBVwvmnoZ1ugSXtvDEqqmAuQSnAo3_TNxnbw89qBOvfoPAl3lcSqvAU94SqfU5j86eIeMpc6Rg73VtCqzUX5cvY-0V2vsvFFXWDNih3V9J2V3XH8hmk_opF83STdU.g9EXC_O15nq9XVJqGe0KxPDHIjIJDuaFjY6INzzuiu8&dib_tag=se&keywords=Mung%2BBean%2BpH-Balanced%2BCleansing%2BFoam&qid=1748730074&sprefix=mung%2Bbean%2Bph-balanced%2Bcleansing%2Bfoam%2Caps%2C159&sr=8-5&th=1,https://www.yesstyle.com/en/beplain-mung-bean-ph-balanced-cleansing-foam-80ml/info.html/pid.1085536819,https://www.stylevana.com/en_US/beplain-mung-bean-ph-balanced-cleansing-foam-80ml1588.html,https://sv9-cdn.stylevana.com/media/catalog/product/cache/7e00eb21d3013c69d32459d0d98e2fbf/b/e/beplain-greenful-ph-balanced-cleansing-foam-80ml-245.jpg,beplain - Mung Bean pH-Balanced Cleansing Foam - 80ml,$9.22,beplain,4.7,49,4.7,431,4.7,62
https://www.amazon.com/beplain-Cleansing-6-76fl-oz-Fragrance-Free-Non-Comedogenic/dp/B0DRBTCZ9B/ref=sr_1_1?crid=3BX8EOYN15F6W&dib=eyJ2IjoiMSJ9.DekmO4rjbtmwpKWP0QHASoUTYkTrwCTvtRWYiWU-YEt4GwUG1lZRPkoa18X2kxVw1PVs5BIb9HicgQ0uHN6z8sRjrMJZrrXTYOQey3BpzMlnPrODanraryxfJyYYGCoQxyo2de7_ufb1Nb3j97Vvi-J0eoVDoT1oY_N-vPtj0uQ0sAZ2x9pMntojK54vvl49vZF9vUT7a7CyqFJWTHdxUMBQMRLw4sDar4Vg2OjAJ-b8X35OtCSUmKhwLGcJGk-Dwh-mGIvNSTl42A6JbsY_8_3inu5SM_57JzbtMWacuOc.3KHv06vhdEN64j-eL1r5ON1_Z0VkO7QR-s05aa7W35Y&dib_tag=se&keywords=beplain+Mung+Bean+Cleansing+Oil&qid=1748730116&sprefix=beplain+mung+bean+cleansing+oil%2Caps%2C161&sr=8-1,https://www.yesstyle.com/en/beplain-mung-bean-cleansing-oil-jumbo-200ml/info.html/pid.1117864233,https://www.stylevana.com/en_US/beplain-mung-bean-cleansing-oil-200ml4032.html,https://sv9-cdn.stylevana.com/media/catalog/product/cache/7e00eb21d3013c69d32459d0d98e2fbf/b/e/beplain-mung-bean-cleansing-oil-200ml-730.jpg,beplain - Mung Bean Cleansing Oil - 200ml,$16.27,beplain,4.0,1,4.7,357,4.7,75
https://www.amazon.com/BANILA-CO-Clean-Original-Cleansing/dp/B0CW7G49NV/ref=sr_1_5?crid=CF8AKHH49NY5&dib=eyJ2IjoiMSJ9.1FkLuHPysTOjFgozFauPgE1ybKSe8-UJiEw-Fz3JfLBUUmrNG07jJYzJ7-QdMsMMit6cCnf7IZhE5WYzwl4FYemaw27BLz5EOq9Q4qk0csGr4U6Iu5uZFz82eSKjbbL5WtBPYVpFcnA8RDjXqGzU_cqlZzlarywUb2CGt5xJVIe750uZ15kQL5kHlFWP7oIZWFANJcPvAdEk0jF8UYHCYYybUoV2sUHyn7yi51uAt2933ye91XTHPzTLi8rod2NhQJwZiGSTARIy3JfqnUv_DCencJYtUJy-UymIbbGm6QQ.ZnkgMF1YZlfKOxBEl4bAwUKvjQ_547N_IzffDaPeeZg&dib_tag=se&keywords=Clean%2Bit%2BZero%2BCleansing%2BBalm&qid=1748730148&sprefix=clean%2Bit%2Bzero%2Bcleansing%2Bbalm%2Caps%2C158&sr=8-5&th=1,https://www.yesstyle.com/en/banila-co-clean-it-zero-original-cleansing-balm/info.html/pid.1038277215,https://www.stylevana.com/en_US/banila-co-clean-it-zero-cleansing-balm-original-7ml1000.html,https://sv9-cdn.stylevana.com/media/catalog/product/cache/7e00eb21d3013c69d32459d0d98e2fbf/b/a/banila-co-clean-it-zero-cleansing-balm-original-7ml-893.jpg,BANILA CO - Clean it Zero Cleansing Balm - Original - 7ml,$4.90,BANILA CO,4.6,29,4.8,4977,4.7,10737
https://www.amazon.com/SOME-MI-Acne-Prone-Naturally-Derived-Surfactant/dp/B07Q34Y99J/ref=sr_1_1?dib=eyJ2IjoiMSJ9.attQVA5ESAnxbWv9QrMfX-CtO2wBGXo5J5I46L7Pp33Pf3pL8BiFOW-1yHhzIzBseYrSj_TIYc8YiHiYJmBVX3jOkiyQj2zCJJFVoYWazvL7QOXz6CrvN2My7-EYF26fOTw-8DOLxYhAgUG6t9tK4rThBDiLBzGDTLf7cYpSQy0PRaIsBXsIqKy1IinxIwshkEE69RUgDXcIYc_iUfIChn4M3ELBrITpOWkbLXCp_MeZ3z2Lu9Yybc0RYN1pSoc-wn7iK4yBu1fdNhq0ILKHW_G_AXZ0k9k4JD-NwzyRIgQ.9L-2UjzIN2dRwYv8-PHPjfJW0OylKNRL1wMfqBeXMjo&dib_tag=se&keywords=SOME%2BBY%2BMI%2B-%2BAHA-BHA-PHA%2B30%2BDays%2BMiracle%2BAcne%2BClear%2BFoam&qid=1748755420&sr=8-1&th=1,https://www.yesstyle.com/en/some-by-mi-aha-bha-pha-30-days-miracle-acne-clear-foam-otc-version/info.html/pid.1106272718,https://www.stylevana.com/en_US/some-by-mi-aha-bha-pha-30-days-miracle-acne-clear-foam-100ml3317.html,https://sv9-cdn.stylevana.com/media/catalog/product/cache/7e00eb21d3013c69d32459d0d98e2fbf/s/o/some-by-mi-aha-bha-pha-30-days-miracle-acne-clear-foam-100ml--81.jpg,SOME BY MI - AHA-BHA-PHA 30 Days Miracle Acne Clear Foam - 100ml,$13.75,SOME BY MI,4.7,85,4.6,992,4.5,1244
,https://www.yesstyle.com/en/heimish-matcha-biome-amino-acne-cleansing-foam-150g/info.html/pid.1113444271,https://www.stylevana.com/en_US/heimish-matcha-biome-amino-acne-cleansing-foam-150g2039.html,https://sv9-cdn.stylevana.com/media/catalog/product/cache/7e00eb21d3013c69d32459d0d98e2fbf/h/e/heimish-match-biome-amino-acne-cleansing-foam-150g-586.jpg,heimish - Matcha Biome Amino Acne Cleansing Foam - 150g,$10.63,heimish,4.5,22,4.5,22,,
https://www.amazon.com/Manyo-Factory-Pure-Cleansing-Oil/dp/B01N5K834V/ref=sr_1_1?crid=2Q3ZIV12M1SS1&dib=eyJ2IjoiMSJ9.e2E_n71nyLGTHjvhTS-qnzTnpBZiJVLOXwV2cOT9sUUPxgRhalhIX5yV4vUlFzPtzLcjgEKZj81BQI3D85DhHyvgF1W95YrPUsBIbejk58DGA-64G8r7WJ1s0Sy9npt2AHszCYDcQfr6hyEyRT3cd9GbsHcx0x9cyS8UmpLePEjym31whJXGpLuufe8kKgrKy701uVZx0O0chOM4V1Jha3IUwrUfreueOhYpKLj4lJ-Ih_SnZLMDvjWkcknWhPL-35b2K4m4GsEU73w5h1BMmOeo9nFBarYwg7mnBZdJhDs.6uW8v-LADRAB8btvEz06N8jcWn00Ixu-LkvhSjZXcKQ&dib_tag=se&keywords=Ma%3Anyo%2B-%2BPure%2BCleansing%2BOil&qid=1748755649&sprefix=ma%2Bnyo%2B-%2Bpure%2Bcleansing%2Boil%2Caps%2C221&sr=8-1&th=1,https://www.yesstyle.com/en/ma-nyo-pure-cleansing-oil-200ml/info.html/pid.1112313883,https://www.stylevana.com/en_US/ma-nyo-pure-cleansing-oil-200ml4354.html,https://sv9-cdn.stylevana.com/media/catalog/product/cache/7e00eb21d3013c69d32459d0d98e2fbf/m/a/ma-nyo-pure-cleansing-oil-200ml-354.jpg,Ma:nyo - Pure Cleansing Oil - 200ml,$28.32,Ma:nyo,4.5,78,4.5,1262,4.5,5485
https://www.amazon.com/iUNIK-Calendula-Complete-Cleansing-Oil/dp/B07NNZSG2K/ref=sr_1_6?crid=1D94CKMNFSZRK&dib=eyJ2IjoiMSJ9.X7SuOHKaFeBhJRmmkg8jBXFku6BO3stnTO3a3VV7-7jrc7VSh31GsAQcJfcY5V3r8pLdnzqJHt4RqAXEEU8KRZrSAgLbbHEOpVedt7FOQ4h5_5PZcj_F-L7e5PBXWhwoogt_mFaIO8Zsptuzc5EbUFyWia3vSv13gejdZHBIQ-X2ntp28xgkAPMOQSYiJwhnDDwn6XvNQjA_jsRIzd0gtaDwcfO3MwsVYaYn2-X1MivZqRQvQTh1pCVF8YnZM912vQoMQqLHB8E_ZirGjqKbaxmybinPqkPdT2i5CDT9ZQQ.CVYAqjw3l2YOLSSE7QiRxKagihuFGNHB7aCUZrOEQ0I&dib_tag=se&keywords=Calendula+Complete+Cleansing+Oil&qid=1748755732&sprefix=calendula+complete+cleansing+oil%2Caps%2C197&sr=8-6,https://www.yesstyle.com/en/iunik-calendula-complete-cleansing-oil-200ml-200ml/info.html/pid.1068351702,https://www.stylevana.com/en_US/iunik-calendula-complete-cleansing-oil.html,https://sv9-cdn.stylevana.com/media/catalog/product/cache/7e00eb21d3013c69d32459d0d98e2fbf/i/u/iunik-calendula-complete-cleansing-oil-200ml-237.jpg,iUNIK - Calendula Complete Cleansing Oil,$9.33,iUNIK,4.7,384,4.6,4227,4.5,2902
https://www.amazon.com/ARENCIA-Green-Rice-Fresh-Cleanser/dp/B0C1BMWPR2/ref=sr_1_1?crid=3ATJX9TULQ27B&dib=eyJ2IjoiMSJ9.TsAQafjGO5R7Du7rm6kusAXrD7Hx8Haf94pley19SevIDP0p-MF_8x9glxdSpT3G76-ydQaWWRsGdxLvsewP3i1LZl1eG-rKb_1SlUc7JVrHbs17OH4GRD-sSVg2lMSnSfnO6yaHzdG9jiU7O3xxldyNh5ifZPIdoev2UF4aGgr8vhSjMgu7KpOZemZYNAEJOnR1hQufs_RCF4Jzy0Aq4WAH-UrJEPwDQj6L3AEGdG5n8TjFxeBGSj4WM808rOYvXeOjFhrYkBpXClfoiAZ8Kla-4mDJmRZTc5W1tV6kCpA.hW_zwlSoIlBhbJZFKh6xekQ7p_O8hCkEyRDIoznirbw&dib_tag=se&keywords=arencia%2B-%2Bfresh%2Bgreen%2Brice%2Bmochi%2Bcleanser&qid=1748755786&sprefix=Arencia%2B-%2BFresh%2BGreen%2BRice%2BMochi%2BCleanser%2Caps%2C161&sr=8-1&th=1,https://www.yesstyle.com/en/arencia-fresh-green-rice-mochi-cleanser-120g/info.html/pid.1133101178,https://www.stylevana.com/en_US/arencia-fresh-green-rice-mochi-cleanser-120g1183.html,https://sv9-cdn.stylevana.com/media/catalog/product/cache/7e00eb21d3013c69d32459d0d98e2fbf/a/r/arencia-fresh-green-rice-mochi-cleanser-120g-744.jpg,Arencia - Fresh Green Rice Mochi Cleanser - 120g,$21.21,Arencia,4.2,13,4.6,238,4.4,1523
https://www.amazon.com/ROUND-LAB-Moisturizing-Cleanser-Soothing/dp/B093W78YWZ/ref=sr_1_1?crid=3MYJOPXFYQ0O7&dib=eyJ2IjoiMSJ9.G3QjcV5KFY6T4kcuzWMxEQLiK-tjt4oseabUWm-JNRW_ApQ6wjOjFnsXuTuqzQLHIe6e5_otaW91ZVq0tliP2iDmaYtIy2wYm6QEW45gP762ZMIY57fbZbvM8lD8zkAXgksfJ6i8Orwo9APnq4q7Tk4xGm_rXk2_63lc0JjFP5w9018fB3jYhxOYtBZw9CSW1UMDc9fKOM-me3yn4j9rRrRUUntU3FT1E02EK7XNiBoPcL2FxlvFOOUEnEYjeNJJFYejhY8ZJMBKYxgYI-CRFTr4THsU0vhgz9WRctxGoDo._rTVl3IrL9L6J248oJHYNJqYDcwWBOey4ZhZkCIMEzQ&dib_tag=se&keywords=Round+Lab+-+Birch+Juice+Moisturizing+Cleanser&qid=1748755906&sprefix=round+lab+-+birch+juice+moisturizing+cleanser%2Caps%2C177&sr=8-1,https://www.yesstyle.com/en/round-lab-birch-juice-moisturizing-cleanser-150ml/info.html/pid.1123980118,https://www.stylevana.com/en_US/round-lab-birch-juice-moisturizing-cleanser-150ml3078.html,https://sv9-cdn.stylevana.com/media/catalog/product/cache/7e00eb21d3013c69d32459d0d98e2fbf/r/o/round-lab-birch-juice-moisturizing-cleanser-150ml-404.jpg,Round Lab - Birch Juice Moisturizing Cleanser - 150ml,$13.60,Round Lab,4.7,31,4.7,921,4.7,464
https://www.amazon.com/Salicylic-Gentle-Cleanser-150milliliter-Blemish/dp/B00OZ6W8DW/ref=sr_1_1_mod_primary_new?crid=1ET71MQZ2D59S&dib=eyJ2IjoiMSJ9.N9m3cZReYZYfdUZdcqb9pXLXCMSp2ctFIREjyfBCKNIutOI7pWpl_ml63IgwLu7d7VqbwIJ8QDzOZoi8bimrRbiFUwINabqOeM778jNTSSx0cnWHhFR9iAl_cdywiOOMZaTfLJiNjUsHhcR7lzOHXpTXebPZYIcR_4ewiYAK1U5eWFtT5FKpfVmhdOFSZsmHNowH7UbPB38Jg1qDCBUXSHEpRy8MRFyM_YNN3tV4Npta-8FQG-qijGB_eVwTQ9swKDvEoK-W3qnhP7QQ3P13RUea8WA4ScYQcXXSlX5QeI0.iJAG4bNtiOL1WkNUIjmv19eRiLNNjHmgvs8dxx1ZPlw&dib_tag=se&keywords=COSRX+-+Salicylic+Acid+Daily+Gentle+Cleanser&qid=1748755961&sbo=RZvfv%2F%2FHxDF%2BO5021pAnSA%3D%3D&sprefix=cosrx+-+salicylic+acid+daily+gentle+cleanser%2Caps%2C141&sr=8-1,https://www.yesstyle.com/en/cosrx-salicylic-acid-daily-gentle-cleanser/info.html/pid.1052684728,https://www.stylevana.com/en_US/cosrx-salicylic-acid-daily-gentle-cleanser-150ml1669.html,https://sv9-cdn.stylevana.com/media/catalog/product/cache/7e00eb21d3013c69d32459d0d98e2fbf/c/o/cosrx-salicylic-acid-daily-gentle-cleanser-181.jpg,COSRX - Salicylic Acid Daily Gentle Cleanser - 150ml,$9.77,COSRX,4.5,227,4.6,7027,4.5,1892
https://www.amazon.com/Comedogenic-Hypoallergenic-Hydrating-Sensitive-Fragrance-Free/dp/B092PTSDB4/ref=sr_1_1?crid=5O62YIECGG25&dib=eyJ2IjoiMSJ9.ZJhmJFnK0BwrKOEXW3yYVaANxGqkcOcMkY9rDH-MK1a4-V-2E8rlohK4B5fvXXhtDSexQEIrtEzvkyHkQLqHyP0f3A5bCI_S5JEOZYNBECc0Jdo-FokgSdv2isSrU3ROVCGTUIg6pdmAzEhN6o12oofqwvK1bFqsSkk4XNzBBV5i8yT6EVqlQNocNSxtiYvNagpzbwuo9408IhQ2AzIqhr3LrNNKJbuU9lgrTX3m80fe7r_Zv8uKoCSsZO9HsAmjFli93Yh23OptugQXnpIqVCbS9sBUT9Q8hYCEpkIDQlI.8hpXkrNA2cxL2q_tHCAlJBCKMN7vuY31mqBB_KC5gMg&dib_tag=se&keywords=ETUDE%2B-%2BSoon%2BJung%2BpH%2B6.5%2BWhip%2BCleanser&qid=1748756009&sprefix=etude%2B-%2Bsoon%2Bjung%2Bph%2B6.5%2Bwhip%2Bcleanser%2Caps%2C177&sr=8-1&th=1,https://www.yesstyle.com/en/etude-soon-jung-ph-6-5-whip-cleanser-150ml-2021-new/info.html/pid.1059551584,https://www.stylevana.com/en_US/etude-soon-jung-ph-6-5-whip-cleanser1934.html,https://sv9-cdn.stylevana.com/media/catalog/product/cache/7e00eb21d3013c69d32459d0d98e2fbf/e/t/etude-house-soon-jung-ph-6-5-whip-cleanser-150ml-310.jpg,ETUDE - Soon Jung pH 6.5 Whip Cleanser,$11.10,Etude,4.7,129,4.7,2217,4.6,1345
https://www.amazon.com/ISNTREE-Cleanser-cleanser-texture-protects/dp/B09Y5GSG45/ref=sr_1_1?crid=1F94N3HILHXLE&dib=eyJ2IjoiMSJ9.2AXReCFwHUPZx7KNQBS9oF598zGZlYNDUNp2-yFsYQ4KjAX2774e3dNDtrpAdBNeWTjw2TDfnpQzF-wO9O1j_TWtBdJ5jxGxsvDtWGFn0EODLW3Bqx20uZt3uGUYnA_GEG5fB-Uk9-BhQ8gLXuZEkOVmjK3VKH9lSUSSP5Uq8ih5F7GbKoDb-8lFh6NIpqm9RaxNcz_vPFVpdvusR_8KJvN3DB2uJKgFRd8PcTMlgwvwuhT1-poAnefQygGdx9GC4IgZhcIPtzLI5ajWnc8RzGfjuuCf_JbXJB9SJ0ViRvo.FzQn1TCb8Di6J0erz4TC82Kc8O5lOSQtj3ZqxE7Uxts&dib_tag=se&keywords=Isntree+-+Yam+Root+Vegan+Milk+Cleanser&qid=1748756126&sprefix=isntree+-+yam+root+vegan+milk+cleanser%2Caps%2C278&sr=8-1,https://www.yesstyle.com/en/isntree-yam-root-vegan-milk-cleanser-220ml/info.html/pid.1112537740,https://www.stylevana.com/en_US/isntree-yam-root-vegan-milk-cleanser-220ml3910.html,https://sv9-cdn.stylevana.com/media/catalog/product/cache/7e00eb21d3013c69d32459d0d98e2fbf/i/s/isntree-yam-root-vegan-milk-cleanser-220ml-121.jpg,Isntree - Yam Root Vegan Milk Cleanser - 220ml,$22.62,Isntree,4.7,48,4.6,654,4.5,235
https://www.amazon.com/heimish-Clean-4-0fl-oz-120ml-Balm/dp/B01CJ639SM/ref=sr_1_6_mod_primary_new?crid=2QVLXJFHOU6DV&dib=eyJ2IjoiMSJ9.3FFgJkAsTDbJuBpOGhhAELIU1_r-qPmRA1X6ZZHmU0UIiO5zAz1OCyIO6vqofi1SM7HzuH5P6Yo7O9X_RXyLoQ4ssWOe7oHhFHGm3xWedraqpdTmfI6eSx_p4s9itmS1bNU8iK2K7knkWUbMxgicZHrSm6kCC0Ja6U1TFWvHTB_pBxwNnpNlOBCFO8xZ3quG5GwngJ-hVxtVR-MwUbwyOXkkRRtHHBVkdGl2LaHqfaTfQ1-bUmipeELLHs_hhhhmuH7wnFWdFwJ9w2f_d4DxBpqTZ75ZOE513mjckzDfQF4.rGi7Qgmcf86MgX56bS48vnytF7SqpDxig9gZISDGDIM&dib_tag=se&keywords=All%2BClean%2BBalm&qid=1748755504&sbo=RZvfv%2F%2FHxDF%2BO5021pAnSA%3D%3D&sprefix=all%2Bclean%2Bbalm%2Caps%2C251&sr=8-6&th=1,https://www.yesstyle.com/en/heimish-all-clean-balm-120ml-120ml/info.html/pid.1053102258,https://www.stylevana.com/en_US/heimish-all-clean-balm.html,https://sv9-cdn.stylevana.com/media/catalog/product/cache/7e00eb21d3013c69d32459d0d98e2fbf/h/e/heimish-all-clean-balm-341.jpg,heimish - All Clean Balm,$13.67,heimish,4.8,510,4.8,8247,4.6,5206
https://www.amazon.com/SKIN1004-Madagascar-Tea-Trica-Professional-Acne-prone/dp/B0B7XFYR23/ref=sr_1_1?crid=1MTSI5L3HTFYX&dib=eyJ2IjoiMSJ9.RPcmQXhKsG-4OJH4KVD8nAOXJIolTwAN_UmetNWFhsVKWRkuWeoLNl5sIEwD7tEtmSwBLrgOBEPom9nbzYrfZil8GWtL1597HwtW2saYi9q2WfffpqB_rDlnh1yGY1LcLbFpimLVjt5-tVYMD5SHSnjSlsM4ncBTUf2HS-Mbvc0QScNFd7tW4uNWXU-H9bBwHlrVjh0aPAMucDKxh0SmnooYqjOszQ_wzYcZoyu0Lywzk3ARSInSKVxIShjLQz5ssyY2b8FrdY6UDkRDq1u5wj8p8kmbaer4v1qb4aybakc.lAlrm0EJ-fJFoUp6bQgyRzrZGdN03FMIgi47CJ1sgiQ&dib_tag=se&keywords=SKIN1004+-+Madagascar+Centella+Tea-Trica+BHA+foam&qid=1748799812&sprefix=skin1004+-+madagascar+centella+tea-trica+bha+f%2Caps%2C407&sr=8-1,https://www.yesstyle.com/en/skin-1004-madagascar-centella-tea-trica-bha-foam-125ml/info.html/pid.1116073912,https://www.stylevana.com/en_US/skin1004-madagascar-centella-tea-trica-bha-foam-125ml3231.html,https://sv9-cdn.stylevana.com/media/catalog/product/cache/7e00eb21d3013c69d32459d0d98e2fbf/s/k/skin1004-madagascar-centella-tea-trica-bha-foam-125ml-394.jpg,SKIN1004 - Madagascar Centella Tea-Trica BHA Foam - 125ml,$10.85,SKIN1004,4.7,23,4.7,909,4.4,338
https://www.amazon.com/Face-Shop-Cleanser-Brightening-Hydrating/dp/B07DS69MHD/ref=sr_1_6?crid=13XUQDK99AQ2C&dib=eyJ2IjoiMSJ9.UVroQOyPugjwPD1poAZYaWanrPxxVTULRR0ms9evdF5u2X8wp4VnstIOr5kVgLLEXJtfwiPgoIYpW6ukZsIt-UV-kILkZZrIZeA-I2Un7WbgSSceF43GzI3OOuxodMvdanNhYlC-ovxXNJKQAjryhOUTBCF4j6dTVHAMqeOaRQXeZ0VyQ_d8mp1QXZ0-tsxrMSUK1eN08ScU1n1v_dR_6xFTTpwyD0OMaefzwXgHCVibQ9_CuMqWRseW-_oPm7X-c6jUEqrA9u95crckQH3Vix4gaOr6bGuJ_wMFmKSjAg0.-Rk1hh1JqP0YLlpKCVz4tFe1OGz2VhujZYf9md5fgjg&dib_tag=se&keywords=THE%2BFACE%2BSHOP%2B-%2BRice%2BWater%2BBright%2BFoaming&qid=1748799852&sprefix=skin1004%2B-%2Bmadagascar%2Bcentella%2Btea-trica%2Bbha%2Bfoam%2Caps%2C558&sr=8-6&th=1,https://www.yesstyle.com/en/the-face-shop-rice-water-bright-foaming-cleanser-150ml/info.html/pid.1038281940,https://www.stylevana.com/en_US/the-face-shop-rice-water-bright-foaming-cleanser.html,https://sv9-cdn.stylevana.com/media/catalog/product/cache/7e00eb21d3013c69d32459d0d98e2fbf/b/s/bscftfs00001_parent.jpg,THE FACE SHOP - Rice Water Bright Foaming Cleanser,$9.87,THE FACE SHOP,4.5,77,4.5,2316,4.4,21537
https://www.amazon.com/Sulwhasoo-Gentle-Cleansing-Foam-EX/dp/B00AMXG15I/ref=sr_1_1?crid=3DXNK67NIVI54&dib=eyJ2IjoiMSJ9.D3Ccf6CdnHBInzPlDQ-ISJj8lMNd6rYvbiy14tcGv6GZ0PXFtYOpWg1Ees0NgSrpUWH3232OHbs21enolWVJG5cJjJnDWkUUjxzftR4znv5UouwEeDF78N0U71cmkHpkZynk38F_O3LqycJ5nw1Kbswbi8y6CVIPxUoV4bmA6L4n08cR0aMxjQjgj738dKHt4hLqiYLak-YX58_-yhlCLp3xMQZmZyuFkg1phTmZRvBbZnnilnzctTI-8hSE66gdlAil7M6MN8rya2p0th6YOBvyCh5qCTHwJuO2kp6Pkjo.6T-cOv_nvd32LJvJJagK1v_XCbOaHhuvgfMXUTqMmt0&dib_tag=se&keywords=Sulwhasoo%2B-%2BGentle%2BCleansing%2BFoam&qid=1748799912&sprefix=the%2Bface%2Bshop%2B-%2Brice%2Bwater%2Bbright%2Bfoaming%2Caps%2C339&sr=8-1&th=1,https://www.yesstyle.com/en/sulwhasoo-gentle-cleansing-foam-2023-version-200ml/info.html/pid.1118333899,https://www.stylevana.com/en_US/sulwhasoo-gentle-cleansing-foam-200ml3358.html,https://sv9-cdn.stylevana.com/media/catalog/product/cache/7e00eb21d3013c69d32459d0d98e2fbf/s/u/sulwhasoo-gentle-cleansing-foam-200ml-487.jpg,Sulwhasoo - Gentle Cleansing Foam - 200ml,$20.89,Sulwhasoo,4.8,27,4.8,32,4.6,1270
,https://www.yesstyle.com/en/beauty-of-joseon-ginseng-cleansing-oil-2024-version-210ml/info.html/pid.1128164794,https://www.stylevana.com/en_US/beauty-of-joseon-ginseng-cleansing-oil-210ml4029.html,https://sv9-cdn.stylevana.com/media/catalog/product/cache/7e00eb21d3013c69d32459d0d98e2fbf/b/e/beauty-of-joseon-ginseng-cleansing-oil-210ml-122.jpg,BEAUTY OF JOSEON - Ginseng Cleansing Oil - 210ml,$19.53,BEAUTY OF JOSEON,NA,0,4.6,3365,,
https://www.amazon.com/COSRX-Good-Morning-Cleanser-150ml/dp/B016NRXO06/ref=sr_1_1?crid=O5P0FJT1WXQ1&dib=eyJ2IjoiMSJ9.sgYRxRCUbGqsUHHPVALp4noWsF7t8tuYkLznfYyTC1od3baKdQMlarCZgPuLWWoNVj5qTGMb5ymoQ5rIps7o01RD2ErI8VLstyFuB4bKO6TNteZ3JUn-UVWfEcMJgNQCU2vNlPKOc9ztBvV0OdxGxFj_L6-K96AxbZfxDV4XoCCMx4HFmxp3D6DEpaWY-cZykbAbeU6ld3DVsnKazlBYbNkWpqbWGVLytRMfa5v8NZWdGpy5AQLC651_AgsLARIjt6dpB4-Qyr8Q-zJobFfb9SbS9sBUT9Q8hYCEpkIDQlI.M-OBdQAAvaYnxXlpmK7Dq55HYnTi6fqdxCFcGo9jWN8&dib_tag=se&keywords=COSRX+-+Low+pH+Good+Morning+Gel+Cleanser&qid=1748801223&sprefix=cosrx+-+low+ph+good+morning+gel+cleanser%2Caps%2C228&sr=8-1,https://www.yesstyle.com/en/cosrx-low-ph-good-morning-gel-cleanser-150ml/info.html/pid.1052684732,https://www.stylevana.com/en_US/cosrx-low-ph-good-morning-gel-cleanser-150ml3638.html,https://sv9-cdn.stylevana.com/media/catalog/product/cache/7e00eb21d3013c69d32459d0d98e2fbf/c/o/cosrx-low-ph-good-morning-gel-cleanser-784.jpg,COSRX - Low pH Good Morning Gel Cleanser - 150ml,$10.63,COSRX,4.6,618,4.6,21963,4.5,18404
https://www.amazon.com/SKIN1004-Madagascar-Poremizing-Cleansing-Pore-Clogging/dp/B0B884JBNQ/ref=sr_1_6?crid=R8WZ37Z7I9OE&dib=eyJ2IjoiMSJ9.LljMznrgb12DSNg9UJ-4B54iv84tzWXXqqqYgXp2RiJhySC49rJZCJrFPccH1lbhfVYK_U1PupmbCg4Xw5ii_jU5b9TszCH_AGqLvdJ4v0nFSBv2s87y7RaolSkjdLfjineoqESFoP-H9ZArX9MEWMtHxhpwFj5idNdrtc4oVbrNH7DGmJ-tFtFXn8IuoW64pGeI4N7-JUqMpMeCi7wufDpATnga1Y_YkK6rbMVVjhWE8m_nLYqQJMCwQ1CwzaApi31ffVIzoghDnuwDjBJUn2woesXMjTt0Wn4BPUV0g70.g-f9tYAlhLliOyLSW8egNs1DsYjOfqJYpXZcXYS241U&dib_tag=se&keywords=SKIN1004+-+Madagascar+Centella+Poremizing+Deep+Cleansing+Foam&qid=1748801227&sprefix=skin1004+-+madagascar+centella+poremizing+deep+cleansing+foam%2Caps%2C146&sr=8-6,https://www.yesstyle.com/en/skin-1004-madagascar-centella-poremizing-deep-cleansing-foam-125ml/info.html/pid.1116073910,https://www.stylevana.com/en_US/skin1004-madagascar-centella-poremizing-deep-cleansing-foam-125ml3232.html,https://sv9-cdn.stylevana.com/media/catalog/product/cache/7e00eb21d3013c69d32459d0d98e2fbf/s/k/skin1004-madagascar-centella-poremizing-deep-cleansing-foam-125ml-985.jpg,SKIN1004 - Madagascar Centella Poremizing Deep Cleansing Foam - 125ml,$10.85,SKIN1004,4.5,27,4.7,1580,4.6,386
https://www.amazon.com/ROUND-LAB-Sensitive-impurities-Moisturizing/dp/B08FMCMGN6/ref=sr_1_1?crid=2U6E4B4V2IDDL&dib=eyJ2IjoiMSJ9.Zxai6g8GMIPsmsuWE5PJIEWs5d1fl6ILskIvcwmxjiyxL9OdvxIL6BTbnWbXbMtD385BOZZUMPjFpMqyhgCc7820Eg-wKoVwTJmub4VBAgvfxY2-57F4krNqIYXf66fUoYOXm1hVUWUFGjn70XyuxLBTj79IhMjv8pCIuke42E6KQ9bsdo5Xyo-gWUdmtJsX06-l8UfcBReemeTCFMjsRM6ZBj9SfTRDtN3ao564bBZPCctIV9Lv74tbaznSQHsG8oc9oEwtJBxR3CIZDG0NIuc-IxPShWjxjbmV3b-cEls.b7tsTn4LaoxuWO5xla-5mR4sm2ZQcmgkB5ZwsEo_-DA&dib_tag=se&keywords=Round+Lab+-+1025+Dokdo+Cleanser&qid=1748801246&rdc=1&sprefix=%2Caps%2C128&sr=8-1,https://www.yesstyle.com/en/round-lab-1025-dokdo-cleanser-150ml/info.html/pid.1074113181,https://www.stylevana.com/en_US/round-lab-1025-dokdo-cleanser-150ml3080.html,https://sv9-cdn.stylevana.com/media/catalog/product/cache/7e00eb21d3013c69d32459d0d98e2fbf/r/o/round-lab-1025-dokdo-cleanser-150ml-269.jpg,Round Lab - 1025 Dokdo Cleanser - 150ml,$10.50,Round Lab,4.7,98,4.8,5715,4.6,1744
https://www.amazon.com/ANUA-Heartleaf-Cleansing-Cleanser-Blackheads/dp/B0BN2PX8V3/ref=sr_1_1?crid=1RNGGCIFXZC7Y&dib=eyJ2IjoiMSJ9.xWO8_Ut0KZottM4X8LAU-vMrMccCZtWb88gzYVgl0hrXzXygibQavnzkl12OEphW7uziaueGhP_SsJrV5YyBz3inebRJGT4T2RlGSO2t2smCOxV2CpyeD4MbrRwaMjlFSEV4VEzo5HB_0pW4mF0b1rd0H6UhXeqbsRYJR4E3UWLiIHxd8iIjrquWYYftuVkM0yq7lxBzds1x9Rjcu_VfV-dh2LTKHM40kv29N44eNZkCrN8KGfJfT4eUXCEO0h6hsrqWH6skVvzoCuLg39U7o0XRyAng0nZxw-b5U6exBNk.JwoDC4ja7HHqy-OtuVizTD2NxtIQs9uiupI4FjxJ2wQ&dib_tag=se&keywords=ANUA+-+Heartleaf+Pore+Control+Cleansing+Oil&qid=1748801263&sprefix=anua+-+heartleaf+pore+control+cleansing+oil+%2Caps%2C140&sr=8-1,https://www.yesstyle.com/en/anua-heartleaf-pore-control-cleansing-oil-200ml/info.html/pid.1134490327,https://www.stylevana.com/en_US/anua-heartleaf-pore-control-cleansing-oil-200ml3988.html,https://sv9-cdn.stylevana.com/media/catalog/product/cache/7e00eb21d3013c69d32459d0d98e2fbf/a/n/anua-heartleaf-pore-control-cleansing-oil-200ml-929.jpg,ANUA - Heartleaf Pore Control Cleansing Oil - 200ml,$20.00,ANUA,4.2,197,4.5,11164,4.3,17678
https://www.amazon.com/Beauty-Joseon-Refreshing-Cleanser-fl-oz/dp/B09N919SS5/ref=sr_1_1?crid=2HWWM7AGZP4IY&dib=eyJ2IjoiMSJ9.BkBVFaaCsFUm1blzpyHVm1-QWSLFPzt5TCwd3EMsp_qGrangMccl_N4qlQEP3QSztxOeMmahQtHD5GJ9QgNnuLagEAqjei1h3r1zouQnXPkHf_uuAemC3xiApYmttXFjgS9j-FuCe2hh2TTQqZSPks_o0WMw8uPDy8ShvdHWXAsy6wD6hhiMgEVLWqUXz0KqsCfxi6bU8yQX4-8TTYK048e73Wx54BDuwKg8NWkPxFagZyoXi6Jhx6bF6ZBJ2R9TBdImvXCKT-KKqAKUBBXSA36i6eKfrdwm7gQwDCioVHY.VxOvocMUnyUrG36XRHtx8vrrYwBTmt4U6wcM-LVqK3o&dib_tag=se&keywords=BEAUTY+OF+JOSEON+-+Green+Plum+Refreshing+Cleanser&qid=1748801281&sprefix=beauty+of+joseon+-+green+plum+refreshing+cleanser%2Caps%2C134&sr=8-1,https://www.yesstyle.com/en/beauty-of-joseon-green-plum-refreshing-cleanser-100ml/info.html/pid.1109420675,https://www.stylevana.com/en_US/beauty-of-joseon-green-plum-refreshing-cleanser-100ml1581.html,https://sv9-cdn.stylevana.com/media/catalog/product/cache/7e00eb21d3013c69d32459d0d98e2fbf/b/e/beauty-of-joseon-green-plum-refreshing-cleanser-100ml-54.jpg,BEAUTY OF JOSEON - Green Plum Refreshing Cleanser - 100ml,$12.69,BEAUTY OF JOSEON,4.5,97,4.7,2102,4.5,2814
https://www.amazon.com/Beauty-Joseon-Radiance-Cleansing-100ml/dp/B0B3R661JP/ref=sr_1_1?crid=25C3OGF85E6ET&dib=eyJ2IjoiMSJ9.NF5uM6lkQu_INdhWmBPaeiFQJ2r6oJfr5YCqF9qIx7eCBpbfZgTuM_rCjM3xAqkLGYx18aG8OMnpunC49vNv0NG9HlvWaBJ_PtKou3stGB4bN8u9tXxv8XlI0g3Ki3uL5lId1Ld_p5dcX7CWB_xQC9LUmedrU3lKsSnfAfCL5T13MR0uCRAFjycYbQbYdRZPKlldrleH36WHhubDLoBejb6iJBGJR1wZI6tnfGwKaDtDZ65q355Q9UDOcADsLS-S--y2HPouftSJ-PUnGeiukIByOYFa-FeU6i-TgI21tiU.mLm-oTitfSMirJdcV86RPy2DlSZVtKfQkhska22DVWw&dib_tag=se&keywords=BEAUTY+OF+JOSEON+-+Radiance+Cleansing+Balm&qid=1748801297&sprefix=beauty+of+joseon+-+radiance+cleansing+balm%2Caps%2C146&sr=8-1,https://www.yesstyle.com/en/beauty-of-joseon-radiance-cleansing-balm-new-100ml/info.html/pid.1103112930,https://www.stylevana.com/en_US/beauty-of-joseon-radiance-cleansing-balm-100ml1040.html,https://sv9-cdn.stylevana.com/media/catalog/product/cache/7e00eb21d3013c69d32459d0d98e2fbf/b/e/beauty-of-joseon-radiance-cleansing-balm-100ml-253.jpg,BEAUTY OF JOSEON - Radiance Cleansing Balm - 100ml,$18.55,BEAUTY OF JOSEON,4.8,250,4.7,2920,4.6,1364
https://www.amazon.com/ANUA-Heartleaf-Quercetinol-Pore-Cleansing/dp/B0BVV8BNYJ/ref=sr_1_6?crid=26PL7XXJP926N&dib=eyJ2IjoiMSJ9.U3GTgjFiRgHNR_WK7Twl0l_Mswu6oPi-IJVAoQMIo099Ad75HY-nV2Hl6yZhkB_R2u95zINkRQgwx9QHZfXb-b8oUqq_FLWMlxHFX_QmPqjg4I9HJquoplZzC25aFhi5Chk7lFVuKrpIXwi6giUeouqJEgNebDaxoBsiCpj24AuxWIUpbWHi1AyCXNmnmTQ0ElwX6O6quDdcrW6WpVXFOSj3xdLFPRZOfXj1rc6rPSDDwwbqeatuo6duIkLxLFRbWagHnbHXD8Zwg3y79BP0ox4b2OdN3kgxa-udCTAz0TA.6mUsQ6AiJw1GQMSi48KkHR_OIWj5q3liFzRHVEICM3k&dib_tag=se&keywords=anua+-+heartleaf+quercetin+pore+deep+cleansing+foam&qid=1748801315&sprefix=anua+-+heartleaf+quercetinol+pore+deep+cleansing+foam%2Caps%2C175&sr=8-6,https://www.yesstyle.com/en/anua-heartleaf-quercetinol-pore-deep-cleansing-foam-150ml/info.html/pid.1129006061,https://www.stylevana.com/en_US/anua-heartleaf-quercetinol-pore-deep-cleansing-foam-150ml1496.html,https://sv9-cdn.stylevana.com/media/catalog/product/cache/7e00eb21d3013c69d32459d0d98e2fbf/a/n/anua-heartleaf-quercetinol-pore-deep-cleansing-foam-150ml-692.jpg,ANUA - Heartleaf Quercetinol Pore Deep Cleansing Foam - 150ml,$14.00,ANUA,4.4,99,4.7,6685,4.5,9592
https://www.amazon.com/Haruharu-Moisture-Cleansing-Fermented-Ingredients/dp/B08W1ZHTL3/ref=sr_1_1?crid=2Q6NM3WV7UJKF&dib=eyJ2IjoiMSJ9.MjLam37IpCOCdzgsmgY-YSPJO5S1LqJbPHcN2vnCtGPcGu13fbgaYHzxX4lKyLlXrvhoSlmc9WK7ui3qZpaaJMB49Ut8N7AduHAo7RxKzC-UU3uQ6u7eHUg6MfQc32knn6eqHcnXVGKEsvzIy8CmxnugJsXtM67AczgCgAMKU4PUl4CLEOL0KYKj5UVJypnf8v6siY-60ga6j1hjvmAZPdJnAHpURQqyrkLktOnI0ujmqQ8K9xvN5nKYqFc5AH3KgC3bxgjhDji7ZzoFQUC8s3TBJg5HtZAfuQ-b51jPfAY.MptKsyWkjPuAgbT0sAUFNTFwVNIVSwLCv-Tg8rM-Ezo&dib_tag=se&keywords=haruharu%2Bwonder%2B-%2BBlack%2BRice%2BMoisture%2BDeep%2BCleansing%2BOil&qid=1748801593&sprefix=haruharu%2Bwonder%2B-%2Bblack%2Brice%2Bmoisture%2Bdeep%2Bcleansing%2Boil%2Caps%2C141&sr=8-1&th=1,https://www.yesstyle.com/en/haruharu-wonder-black-rice-moisture-cleansing-oil-150ml/info.html/pid.1134315119,https://www.stylevana.com/en_US/haruharu-wonder-black-rice-moisture-deep-cleansing-oil-150ml4115.html,,haruharu wonder - Black Rice Moisture Deep Cleansing Oil - 150ml,$13.81,haruharu wonder,4.5,173,4.8,76,4.4,2208
