az_url,ys_url,sv_url,image,name,price,brand,sv_star,sv_num_reviews,ys_star,ys_num_reviews,az_star,az_num_reviews,product
,,https://www.stylevana.com/en_US/beauty-of-joseon-relief-sun-aqua-fresh-rice-b5-spf50-pa-10ml27122.html,https://sv9-cdn.stylevana.com/media/catalog/product/cache/7e00eb21d3013c69d32459d0d98e2fbf/b/e/beauty-of-joseon-relief-sun-aqua-fresh-rice-b5-spf50-pa-10ml-157.jpg,BEAUTY OF JOSEON - Relief Sun Aqua-fresh Rice + B5 SPF50+ PA++++ - 10ml,3.71,BEAUTY OF JOSEON,4.3,12,,0,,0,sunscreen
,,https://www.stylevana.com/en_US/beauty-of-joseon-relief-sun-rice-probiotics-set-spf50-pa-50ml-227137.html,https://sv9-cdn.stylevana.com/media/catalog/product/cache/7e00eb21d3013c69d32459d0d98e2fbf/b/e/beauty-of-joseon-relief-sun-rice-probiotics-set-spf50-pa-50ml-2-697.jpg,BEAUTY OF JOSEON - Relief Sun : Rice + Probiotics Set SPF50+ PA++++ - 50ml*2,35.15,BEAUTY OF JOSEON,4.5,906,,0,,0,sunscreen
,,https://www.stylevana.com/en_US/bellflower-avocado-moisture-sunscreen-spf50-pa-50ml27095.html,https://sv9-cdn.stylevana.com/media/catalog/product/cache/7e00eb21d3013c69d32459d0d98e2fbf/b/e/bellflower-avocado-moisture-sunscreen-spf50-pa-50ml-507.jpg,Bellflower - Avocado Moisture Sunscreen SPF50+ PA++++ - 50ml,8.29,Bellflower,4.6,19,,0,,0,sunscreen
,,https://www.stylevana.com/en_US/goodal-green-tangerine-vita-c-dark-spot-care-sun-serum-spf50-pa-50ml27608.html,https://sv9-cdn.stylevana.com/media/catalog/product/cache/7e00eb21d3013c69d32459d0d98e2fbf/g/o/goodal-green-tangerine-vita-c-dark-spot-care-sun-serum-spf50-pa-50ml-332.jpg,Goodal - Green Tangerine Vita-C Dark Spot Care Sun Serum SPF50+ PA++++ - 50ml,18.8,Goodal,3.0,8,,0,,0,sunscreen
,,https://www.stylevana.com/en_US/abib-airy-sunstick-smoothing-bar-spf50-pa-23g21909.html,https://sv9-cdn.stylevana.com/media/catalog/product/cache/7e00eb21d3013c69d32459d0d98e2fbf/a/b/abib-airy-sunstick-smoothing-bar-spf50-pa-23g-137.jpg,Abib - Airy Sunstick Smoothing Bar SPF50+ PA++++ - 23g,25.82,Abib,4.4,514,,0,,0,sunscreen
,,https://www.stylevana.com/en_US/skin1004-madagascar-centella-hyalu-cica-silky-fit-sun-stick-mini-spf50-pa-7g22062.html,https://sv9-cdn.stylevana.com/media/catalog/product/cache/7e00eb21d3013c69d32459d0d98e2fbf/s/k/skin1004-madagascar-centella-hyalu-cica-silky-fit-sun-stick-mini-spf50-pa-7g-572.jpg,SKIN1004 - Madagascar Centella Hyalu-Cica Silky-Fit Sun Stick Mini SPF50+ PA++++ - 7g,5.97,SKIN1004,4.9,11,,0,,0,sunscreen
,,https://www.stylevana.com/en_US/la-roche-posay-anthelios-uvmune-400-invisible-fluid-spf50-50ml.html,https://sv9-cdn.stylevana.com/media/catalog/product/cache/7e00eb21d3013c69d32459d0d98e2fbf/l/a/la-roche-posay-anthelios-uvmune-400-invisible-fluid-spf50-50ml-853.jpg,La Roche Posay - Anthelios UVmune 400 Invisible Fluid SPF50+ - 50ml,19.41,La Roche Posay,3.3,12,,0,,0,sunscreen
,,https://www.stylevana.com/en_US/pyunkang-yul-ato-mild-sun-cream-spf50-pa-75ml28672.html,https://sv9-cdn.stylevana.com/media/catalog/product/cache/7e00eb21d3013c69d32459d0d98e2fbf/p/y/pyunkang-yul-ato-mild-sun-cream-spf50-pa-75ml-45.jpg,Pyunkang Yul - ATO Mild Sun Cream SPF50 PA++++ - 75ml,17.35,Pyunkang Yul,3.6,7,,0,,0,sunscreen
,,https://www.stylevana.com/en_US/shiseido-anessa-perfect-uv-sunscreen-skin-care-milk-spf50-pa-2024-version-60ml28856.html,https://sv9-cdn.stylevana.com/media/catalog/product/cache/7e00eb21d3013c69d32459d0d98e2fbf/s/h/shiseido-anessa-perfect-uv-sunscreen-skin-care-milk-spf50-pa-2024-version-60ml-150.jpg,Shiseido - Anessa Perfect UV Sunscreen Skin Care Milk SPF50+ PA++++ (2024 Version) - 60ml,23.09,Shiseido,4.1,10,,0,,0,sunscreen
,,https://www.stylevana.com/en_US/isntree-hyaluronic-acid-watery-sun-gel-spf50-pa-50ml27732.html,https://sv9-cdn.stylevana.com/media/catalog/product/cache/7e00eb21d3013c69d32459d0d98e2fbf/i/s/isntree-hyaluronic-acid-watery-sun-gel-spf50-pa-50ml-861.jpg,Isntree - Hyaluronic Acid Watery Sun Gel SPF50+ PA++++ - 50ml,19.86,Isntree,4.6,786,,0,,0,sunscreen
,,https://www.stylevana.com/en_US/omi-sun-bears-active-protect-milk-uv-sunscreen-spf50-pa-30g28558.html,https://sv9-cdn.stylevana.com/media/catalog/product/cache/7e00eb21d3013c69d32459d0d98e2fbf/o/m/omi-sun-bears-active-protect-milk-uv-sunscreen-spf50-pa-30g-683.jpg,OMI - Sun Bears Active Protect Milk UV Sunscreen SPF50+ PA++++ - 30g,4.49,OMI,4.1,14,,0,,0,sunscreen
,,https://www.stylevana.com/en_US/tocobo-bio-watery-sun-cream-spf50-pa-50ml.html,https://sv9-cdn.stylevana.com/media/catalog/product/cache/7e00eb21d3013c69d32459d0d98e2fbf/t/o/tocobo-bio-watery-sun-cream-spf50-pa-50ml-218.jpg,TOCOBO - Bio Watery Sun Cream SPF50 PA++++ - 50ml,19.53,TOCOBO,4.2,54,,0,,0,sunscreen
,,https://www.stylevana.com/en_US/purito-seoul-wonder-releaf-centella-daily-sun-lotion-spf50-pa-60ml.html,https://sv9-cdn.stylevana.com/media/catalog/product/cache/7e00eb21d3013c69d32459d0d98e2fbf/p/u/purito-seoul-wonder-releaf-centella-daily-sun-lotion-spf50-pa-60ml-682.jpg,Purito SEOUL - Wonder Releaf Centella Daily Sun Lotion SPF50+ PA++++ - 60ml,13.98,Purito SEOUL,4.4,488,,0,,0,sunscreen
,,https://www.stylevana.com/en_US/derma-b-everyday-sun-block-spf50-pa-200ml27373.html,https://sv9-cdn.stylevana.com/media/catalog/product/cache/7e00eb21d3013c69d32459d0d98e2fbf/d/e/derma-b-everyday-sun-block-spf50-pa-200ml-26.jpg,Derma:B - Everyday Sun Block SPF50+ PA++++ - 200ml,14.43,Derma:B,4.2,43,,0,,0,sunscreen
,,https://www.stylevana.com/en_US/canmake-mermaid-skin-gel-uv-spf-50-pa-40g-01-clear27217.html,https://sv9-cdn.stylevana.com/media/catalog/product/cache/7e00eb21d3013c69d32459d0d98e2fbf/c/a/canmake-mermaid-skin-gel-uv-748.jpg,CANMAKE - Mermaid Skin Gel UV SPF 50+ PA++++ - 40g - 01 Clear,10.99,CMK,4.7,396,,0,,0,sunscreen
,,https://www.stylevana.com/en_US/house-of-hur-weightless-sun-fluid-spf50-pa-50ml27639.html,https://sv9-cdn.stylevana.com/media/catalog/product/cache/7e00eb21d3013c69d32459d0d98e2fbf/h/o/house-of-hur-weightless-sun-fluid-spf50-pa-50ml-377.jpg,HOUSE OF HUR - Weightless Sun Fluid SPF50+ PA++++ - 50ml,16.49,HOUSE OF HUR,4.7,21,,0,,0,sunscreen
,,https://www.stylevana.com/en_US/scinic-enjoy-super-mild-sun-essence-spf50-pa-50ml28782.html,https://sv9-cdn.stylevana.com/media/catalog/product/cache/7e00eb21d3013c69d32459d0d98e2fbf/s/c/scinic-enjoy-super-mild-sun-essence-spf50-pa-50ml-853.jpg,SCINIC - Enjoy Super Mild Sun Essence SPF50+ PA++++ - 50ml,8.0,SCINIC,4.5,607,,0,,0,sunscreen
,,https://www.stylevana.com/en_US/rohto-mentholatum-skin-aqua-super-moisture-barrier-uv-gel-spf50-pa-100g28234.html,https://sv9-cdn.stylevana.com/media/catalog/product/cache/7e00eb21d3013c69d32459d0d98e2fbf/r/o/rohto-mentholatum-skin-aqua-super-moisture-barrier-uv-gel-spf50-pa-100g-744.jpg,Rohto Mentholatum  - Skin Aqua Super Moisture Barrier UV Gel SPF50+ PA++++ - 100g,15.49,Rohto Mentholatum,3.8,14,,0,,0,sunscreen
,,https://www.stylevana.com/en_US/rohto-mentholatum-skin-aqua-sunscreen-super-moisture-gel-pump-spf50-pa-140g.html,https://sv9-cdn.stylevana.com/media/catalog/product/cache/7e00eb21d3013c69d32459d0d98e2fbf/r/o/rohto-mentholatum-skin-aqua-sunscreen-super-moisture-gel-pump-spf50-pa-140g-white-225.jpg,Rohto Mentholatum  - Skin Aqua Sunscreen Super Moisture Gel Pump SPF50+ PA++++ - 140g,17.79,Rohto Mentholatum,4.5,151,,0,,0,sunscreen
,,https://www.stylevana.com/en_US/nivea-japan-uv-super-water-gel-spf50-pa-140g28439.html,https://sv9-cdn.stylevana.com/media/catalog/product/cache/7e00eb21d3013c69d32459d0d98e2fbf/n/i/nivea-japan-uv-super-water-gel-spf50-pa-140g-612.jpg,NIVEA Japan - UV Super Water Gel SPF50 PA+++ - 140g,20.49,NIVEA Japan,4.5,184,,0,,0,sunscreen
,,https://www.stylevana.com/en_US/mary-may-cica-soothing-sun-cream-spf50-pa-50ml28356.html,https://sv9-cdn.stylevana.com/media/catalog/product/cache/7e00eb21d3013c69d32459d0d98e2fbf/m/a/mary-may-cica-soothing-sun-cream-spf50-pa-50ml-531.jpg,Mary&May - CICA Soothing Sun Cream SPF50+ PA++++ - 50ml,24.74,Mary&May,4.4,37,,0,,0,sunscreen
,,https://www.stylevana.com/en_US/beauty-of-joseon-matte-sun-stick-mugwort-camelia-spf50-pa-18g21910.html,https://sv9-cdn.stylevana.com/media/catalog/product/cache/7e00eb21d3013c69d32459d0d98e2fbf/b/e/beauty-of-joseon-matte-sun-stick-mugwort-camelia-spf50-pa-18g-584.jpg,BEAUTY OF JOSEON - Matte Sun Stick : Mugwort + Camelia SPF50 PA++++ - 18g,17.58,BEAUTY OF JOSEON,4.3,247,,0,,0,sunscreen
,,https://www.stylevana.com/en_US/thank-you-farmer-sun-project-skin-relief-sun-cream-spf50-pa-50ml29025.html,https://sv9-cdn.stylevana.com/media/catalog/product/cache/7e00eb21d3013c69d32459d0d98e2fbf/t/h/thank-you-farmer-sun-project-skin-relief-sun-cream-spf50-pa-50ml-585.jpg,THANK YOU FARMER - Sun Project Skin Relief Sun Cream SPF50+ PA++++ - 50ml,20.83,THANK YOU FARMER,4.3,9,,0,,0,sunscreen
,,https://www.stylevana.com/en_US/beauty-of-joseon-relief-sun-rice-probiotic-spf50-pa-10ml27129.html,https://sv9-cdn.stylevana.com/media/catalog/product/cache/7e00eb21d3013c69d32459d0d98e2fbf/b/e/beauty-of-joseon-relief-sun-rice-probiotic-spf50-pa-10ml-25.jpg,BEAUTY OF JOSEON - Relief Sun : Rice + Probiotic SPF50+ PA++++ - 10ml,3.71,BEAUTY OF JOSEON,4.1,51,,0,,0,sunscreen
,,https://www.stylevana.com/en_US/skin1004-madagascar-centella-hyalu-cica-silky-fit-sun-stick-spf50-pa-20g22063.html,https://sv9-cdn.stylevana.com/media/catalog/product/cache/7e00eb21d3013c69d32459d0d98e2fbf/s/k/skin1004-madagascar-centella-hyalu-cica-silky-fit-sun-stick-spf50-pa-20g-374.jpg,SKIN1004 - Madagascar Centella Hyalu-Cica Silky-Fit Sun Stick SPF50+ PA++++ - 20g,11.93,SKIN1004,4.4,560,,0,,0,sunscreen
,,https://www.stylevana.com/en_US/purito-seoul-daily-soft-touch-sunscreen-spf50-pa-60ml28635.html,https://sv9-cdn.stylevana.com/media/catalog/product/cache/7e00eb21d3013c69d32459d0d98e2fbf/p/u/purito-seoul-daily-soft-touch-sunscreen-spf50-pa-60ml-174.jpg,Purito SEOUL - Daily Soft Touch Sunscreen SPF50+ PA++++ - 60ml,15.49,Purito SEOUL,4.4,581,,0,,0,sunscreen
,,https://www.stylevana.com/en_US/rohto-mentholatum-skin-aqua-uv-super-moisture-gel-hydrating-sunscreen-spf50-pa-110g.html,https://sv9-cdn.stylevana.com/media/catalog/product/cache/7e00eb21d3013c69d32459d0d98e2fbf/r/o/rohto-mentholatum-skin-aqua-uv-super-moisture-gel-hydrating-sunscreen-spf50-pa-110g-white-691.jpg,Rohto Mentholatum  - Skin Aqua UV Super Moisture Gel Hydrating Sunscreen SPF50+/PA++++ - 110g,14.79,Rohto Mentholatum,4.5,131,,0,,0,sunscreen
,,https://www.stylevana.com/en_US/isntree-hyaluronic-acid-watery-sun-gel-spf50-pa-50ml-2ea27722.html,https://sv9-cdn.stylevana.com/media/catalog/product/cache/7e00eb21d3013c69d32459d0d98e2fbf/i/s/isntree-hyaluronic-acid-watery-sun-gel-spf50-pa-50ml-2ea-846.jpg,Isntree - Hyaluronic Acid Watery Sun Gel SPF50+ PA++++ - 50ml*2ea,33.94,Isntree,4.4,94,,0,,0,sunscreen
,,https://www.stylevana.com/en_US/round-lab-birch-juice-moisturizing-sun-cream-spf50-pa-50ml28716.html,https://sv9-cdn.stylevana.com/media/catalog/product/cache/7e00eb21d3013c69d32459d0d98e2fbf/r/o/round-lab-birch-juice-moisturizing-sun-cream-50ml-453.jpg,Round Lab - Birch Juice Moisturizing Sun Cream SPF50+ PA++++ - 50ml,19.6,Round Lab,4.5,284,,0,,0,sunscreen
,,https://www.stylevana.com/en_US/kao-biore-uv-aqua-rich-watery-essence-spf50-pa-70g27914.html,https://sv9-cdn.stylevana.com/media/catalog/product/cache/7e00eb21d3013c69d32459d0d98e2fbf/k/a/kao-biore-uv-aqua-rich-watery-essence-spf50-pa-70g-22.jpg,Kao - Biore UV Aqua Rich Watery Essence SPF50+ PA++++ - 70g,15.19,Kao,4.1,61,,0,,0,sunscreen
,,https://www.stylevana.com/en_US/haruharu-wonder-black-rice-pure-mineral-relief-daily-sunscreen-spf50-pa-50ml27607.html,https://sv9-cdn.stylevana.com/media/catalog/product/cache/7e00eb21d3013c69d32459d0d98e2fbf/h/a/haruharu-wonder-black-rice-pure-mineral-relief-daily-sunscreen-spf50-pa-50ml-673.jpg,haruharu wonder - Black Rice Pure Mineral Relief Daily Sunscreen SPF50+ PA++++ - 50ml,13.2,haruharu wonder,4.0,53,,0,,0,sunscreen
,,https://www.stylevana.com/en_US/haruharu-wonder-black-rice-moisture-airyfit-daily-sunscreen-spf50-pa-50ml27606.html,https://sv9-cdn.stylevana.com/media/catalog/product/cache/7e00eb21d3013c69d32459d0d98e2fbf/h/a/haruharu-wonder-black-rice-moisture-airyfit-daily-sunscreen-spf50-pa-50ml-326.jpg,haruharu wonder - Black Rice Moisture Airyfit Daily Sunscreen SPF50+ PA++++ - 50ml,12.99,haruharu wonder,4.4,618,,0,,0,sunscreen
,,https://www.stylevana.com/en_US/skin1004-madagascar-centella-hyalu-cica-water-fit-sun-serum-spf50-pa-50ml28868.html,https://sv9-cdn.stylevana.com/media/catalog/product/cache/7e00eb21d3013c69d32459d0d98e2fbf/s/k/skin1004-madagascar-centella-hyalu-cica-water-fit-sun-serum-spf50-pa-50ml-149.jpg,SKIN1004 - Madagascar Centella Hyalu-Cica Water-Fit Sun Serum SPF50 PA++++ - 50ml,13.02,SKIN1004,4.6,2408,,0,,0,sunscreen
,,https://www.stylevana.com/en_US/beauty-of-joseon-relief-sun-aqua-fresh-rice-b5-spf50-pa-50ml27125.html,https://sv9-cdn.stylevana.com/media/catalog/product/cache/7e00eb21d3013c69d32459d0d98e2fbf/b/e/beauty-of-joseon-relief-sun-aqua-fresh-rice-b5-spf50-pa-50ml-394.jpg,BEAUTY OF JOSEON - Relief Sun Aqua-fresh Rice + B5 SPF50+ PA++++ - 50ml,17.58,BEAUTY OF JOSEON,4.3,549,,0,,0,sunscreen
,,https://www.stylevana.com/en_US/beauty-of-joseon-relief-sun-rice-probiotic-spf50-pa.html,https://sv9-cdn.stylevana.com/media/catalog/product/cache/7e00eb21d3013c69d32459d0d98e2fbf/b/e/beauty-of-joseon-relief-sun-rice-probiotic-50ml-318.jpg,BEAUTY OF JOSEON - Relief Sun : Rice + Probiotic SPF50+ PA++++,17.58,BEAUTY OF JOSEON,4.4,1459,,0,,0,sunscreen
https://www.amazon.com/Thunder-Tech-Softymo-Cleansing-RemoverJapan/dp/B0CGCCR1NH/ref=sr_1_1?crid=2WMN99PSFOSCZ&dib=eyJ2IjoiMSJ9.-wj5hHV--PHifSbUBWxVGswGrXss3Lza-5UHoogzKFH3zub07IO3E2SzGp5cwnJAyzw3DNYKhvMTag3KBM6zG7vzuWyzIcR_AC-rOiftd5Nev4Rity7qcqD0G3Ln70RNobuOKcqEUGjcrJHTwbtHkLck3yy1LZlbS5afX7B2IEbd5bhrB3GDhR0UIpBi9oDyog4-5PqtRN1V-0j6CIor1B51a8SEHa4VTrW-KCc0uI7D_GiEaezbpah8Dq2OSCeHj3iLsqpKRkjwCXkE4nysRLKbAVb7jCpdAlV2HRgkOH8.Cp_yrxMjO8SVrIvExKBonrmM6hH78JCVSnJTH0Er-aQ&dib_tag=se&keywords=Softymo+Speedy+Cleansing+Oil&qid=1748729884&sprefix=softymo+speedy+cleansing+oil+%2Caps%2C156&sr=8-1,https://www.yesstyle.com/en/kose-softymo-cleansing-oil-deep-240ml-pokemon-limited-edition/info.html/pid.1078637072,https://www.stylevana.com/en_US/kose-softymo-speedy-cleansing-oil-pump-2024-version-240ml4220.html,https://sv9-cdn.stylevana.com/media/catalog/product/cache/7e00eb21d3013c69d32459d0d98e2fbf/k/o/kose-softymo-speedy-cleansing-oil-pump-2024-version-240ml-77.jpg,Kose - Softymo Speedy Cleansing Oil Pump (2024 Version) - 240ml,15.49,Kose,4.7,45,4.6,7079,4.5,1414,cleanser
https://www.amazon.com/SKIN1004-Madagascar-Cleansing-cleansing-Hypoallergenic/dp/B07T5BN3P2/ref=sr_1_1?crid=12C9CEEC6A4ZJ&dib=eyJ2IjoiMSJ9.lJDggo12uWlyGXZZPzOgWSr1xQJgR4ahFvNtyIynWXI6vYv7wbN-EO1dYNIVWvW9TqQcw63cKPBx3mF6GrHslo2780LoMwPMVlXxjb4XIXnlLzYgwwVhWtQUZBiGZ4ZdNKOcHgeA9fQvDl5T53AwaRBVp2Rn6R6LZUYUG3RUELoYInu0RNAczsTd9SiWNdJxSEjt7zh_y9AdYqZvNVrUINK5x9RRPad0u_4AshhWZeX4gkUqj-zysYb_rULH7XpeY_QTDVjZ1VYd3My6F_IsQ_M2jl6ab95nIBeJhgSb5wM.476NeWnDogWlrUGgcvtrwfKmQOYpjJwtuzKzMRrNKzo&dib_tag=se&keywords=skin+1004+cleansing+oil&qid=1748730523&sprefix=skin+1004+clean%2Caps%2C168&sr=8-1,https://www.yesstyle.com/en/skin-1004-madagascar-centella-light-cleansing-oil-200ml/info.html/pid.1077182361,https://www.stylevana.com/en_US/skin1004-madagascar-centella-light-cleansing-oil-200ml4433.html,https://sv9-cdn.stylevana.com/media/catalog/product/cache/7e00eb21d3013c69d32459d0d98e2fbf/s/k/skin1004-madagascar-centella-light-cleansing-oil-200ml-802.jpg,SKIN1004 - Madagascar Centella Light Cleansing Oil - 200ml,14.11,SKIN1004,4.4,908,4.7,15935,4.5,5932,cleanser
https://www.amazon.com/DHC-Deep-Cleansing-Oil-6-7/dp/B001UE60E0/ref=sr_1_1?crid=2BYWHNEPOA2LG&dib=eyJ2IjoiMSJ9.jH_OMyJBr-wD12R_BK6MLvHwDI_4Oy_dQTqfyCL0LwaHtRS53_-UkcSWGSYnRWSVj1CX6LRYqkKTML6F7nWKAOka3lNJQg6QhJhf7BTiaMpU2APFgAum8WzsIxuGYJf-5XbzEqk3vP_jOtY1gf0qDSPkG2rtEdK7SGvecffGc37uFTRYr9AOBX1eMFFrPSDv6PmM8TpGSrfF-mxxvBiXSyed7tIkFzdgZFKhO04U4qjQvTLm-ORSSvXrEC4hoPBo1GM4nPV6ufPIMGbtPIsuN0XCSwtSg9iczRIQB1e3-sM.cxB2iAhoE7LDYAqWdtURa_TGx4whTs3-6QqCYJAev54&dib_tag=se&keywords=dhc%2Bcleansing%2Boil&qid=1748729940&sprefix=dhc%2B%2Caps%2C171&sr=8-1&th=1,https://www.yesstyle.com/en/dhc-deep-cleansing-oil/info.html/pid.1122079076,https://www.stylevana.com/en_US/dhc-deep-cleansing-oil.html,https://sv9-cdn.stylevana.com/media/catalog/product/cache/7e00eb21d3013c69d32459d0d98e2fbf/d/h/dhc-deep-cleansing-oil-200ml-340.jpg,DHC - Deep Cleansing Oil,28.99,DHC,4.6,39,4.7,1144,4.6,23948,cleanser
https://www.amazon.com/Esfolio-Collagen-Cleansing-Foam-5-29oz/dp/B08YWQB9L7/ref=sr_1_1?crid=2OV9BYE6S8MMM&dib=eyJ2IjoiMSJ9.QZoeAp4B8wPE98DD5KlRmrxpCUkkofCZIzmtmPj7fersaG5FWBo5jj3oQl5oUdPI4JcPGt7N9N3yewHJgmzBZVmz8oel0kSeOhLop87ozsa-s-5JpIVe92Hm8pnSNOkcGK7a1p8PZz7nnYVr4ZaTEGDRR1YkRrfNnEKoe8PYsIUv_2ONQWyeN0edUbv-ZK6z_9RAoRp5O7UaFI_8Bi41WJPkSxubLDBlulqnhUGX6NFBzicm0ReV5Isz6vil5yDiP0eu8z9UwXtIOs26Mc3XRcK5Z6TmCXhMPjEfBlNAvcM.OZMmrQKw1ofevxj7N3kE1eLTz3WW3ZKltSkkvYD3_FE&dib_tag=se&keywords=esfolio%2BPure%2BSkin%2BCleansing%2BFoam&qid=1748729988&sprefix=esfolio%2Bpure%2Bskin%2Bcleansing%2Bfoam%2Caps%2C171&sr=8-1&th=1,https://www.yesstyle.com/en/esfolio-pure-skin-collagen-cleansing-foam-150ml/info.html/pid.1097592764,https://www.stylevana.com/en_US/esfolio-pure-skin-cleansing-foam-150g.html,https://sv9-cdn.stylevana.com/media/catalog/product/cache/7e00eb21d3013c69d32459d0d98e2fbf/e/s/esfolio-pure-skin-cleansing-foam-150g-752.jpg,esfolio - Pure Skin Cleansing Foam - 150g,5.09,esfolio,4.6,23,4.8,24,4.7,784,cleanser
https://www.amazon.com/beplain-pH-Balanced-Cleansing-Fragrance-Free-Non-Comedogenic/dp/B0DRBKTCL1/ref=sr_1_5?crid=1VG5ESMGITEWV&dib=eyJ2IjoiMSJ9.fEaNAOPlXqrDS1beFiFMHikQJdlpy_Ch1Em6ujIK5VOZX_n-tKC4K_MLr9p6Lc4rCPLLCAfKHLrikOo-2WVOZDeG6X6NxiytNHA44K_0391MS4GhoNkOkOwXUJjlqZssq8wDFaufEdbmUBLu_cJtni8IC13iDcDguOFyFuO3X6IclfMBVwvmnoZ1ugSXtvDEqqmAuQSnAo3_TNxnbw89qBOvfoPAl3lcSqvAU94SqfU5j86eIeMpc6Rg73VtCqzUX5cvY-0V2vsvFFXWDNih3V9J2V3XH8hmk_opF83STdU.g9EXC_O15nq9XVJqGe0KxPDHIjIJDuaFjY6INzzuiu8&dib_tag=se&keywords=Mung%2BBean%2BpH-Balanced%2BCleansing%2BFoam&qid=1748730074&sprefix=mung%2Bbean%2Bph-balanced%2Bcleansing%2Bfoam%2Caps%2C159&sr=8-5&th=1,https://www.yesstyle.com/en/beplain-mung-bean-ph-balanced-cleansing-foam-80ml/info.html/pid.1085536819,https://www.stylevana.com/en_US/beplain-mung-bean-ph-balanced-cleansing-foam-80ml1588.html,https://sv9-cdn.stylevana.com/media/catalog/product/cache/7e00eb21d3013c69d32459d0d98e2fbf/b/e/beplain-greenful-ph-balanced-cleansing-foam-80ml-245.jpg,beplain - Mung Bean pH-Balanced Cleansing Foam - 80ml,9.22,beplain,4.7,49,4.7,431,4.7,62,cleanser
https://www.amazon.com/beplain-Cleansing-6-76fl-oz-Fragrance-Free-Non-Comedogenic/dp/B0DRBTCZ9B/ref=sr_1_1?crid=3BX8EOYN15F6W&dib=eyJ2IjoiMSJ9.DekmO4rjbtmwpKWP0QHASoUTYkTrwCTvtRWYiWU-YEt4GwUG1lZRPkoa18X2kxVw1PVs5BIb9HicgQ0uHN6z8sRjrMJZrrXTYOQey3BpzMlnPrODanraryxfJyYYGCoQxyo2de7_ufb1Nb3j97Vvi-J0eoVDoT1oY_N-vPtj0uQ0sAZ2x9pMntojK54vvl49vZF9vUT7a7CyqFJWTHdxUMBQMRLw4sDar4Vg2OjAJ-b8X35OtCSUmKhwLGcJGk-Dwh-mGIvNSTl42A6JbsY_8_3inu5SM_57JzbtMWacuOc.3KHv06vhdEN64j-eL1r5ON1_Z0VkO7QR-s05aa7W35Y&dib_tag=se&keywords=beplain+Mung+Bean+Cleansing+Oil&qid=1748730116&sprefix=beplain+mung+bean+cleansing+oil%2Caps%2C161&sr=8-1,https://www.yesstyle.com/en/beplain-mung-bean-cleansing-oil-jumbo-200ml/info.html/pid.1117864233,https://www.stylevana.com/en_US/beplain-mung-bean-cleansing-oil-200ml4032.html,https://sv9-cdn.stylevana.com/media/catalog/product/cache/7e00eb21d3013c69d32459d0d98e2fbf/b/e/beplain-mung-bean-cleansing-oil-200ml-730.jpg,beplain - Mung Bean Cleansing Oil - 200ml,16.27,beplain,4.0,1,4.7,357,4.7,75,cleanser
https://www.amazon.com/BANILA-CO-Clean-Original-Cleansing/dp/B0CW7G49NV/ref=sr_1_5?crid=CF8AKHH49NY5&dib=eyJ2IjoiMSJ9.1FkLuHPysTOjFgozFauPgE1ybKSe8-UJiEw-Fz3JfLBUUmrNG07jJYzJ7-QdMsMMit6cCnf7IZhE5WYzwl4FYemaw27BLz5EOq9Q4qk0csGr4U6Iu5uZFz82eSKjbbL5WtBPYVpFcnA8RDjXqGzU_cqlZzlarywUb2CGt5xJVIe750uZ15kQL5kHlFWP7oIZWFANJcPvAdEk0jF8UYHCYYybUoV2sUHyn7yi51uAt2933ye91XTHPzTLi8rod2NhQJwZiGSTARIy3JfqnUv_DCencJYtUJy-UymIbbGm6QQ.ZnkgMF1YZlfKOxBEl4bAwUKvjQ_547N_IzffDaPeeZg&dib_tag=se&keywords=Clean%2Bit%2BZero%2BCleansing%2BBalm&qid=1748730148&sprefix=clean%2Bit%2Bzero%2Bcleansing%2Bbalm%2Caps%2C158&sr=8-5&th=1,https://www.yesstyle.com/en/banila-co-clean-it-zero-original-cleansing-balm/info.html/pid.1038277215,https://www.stylevana.com/en_US/banila-co-clean-it-zero-cleansing-balm-original-7ml1000.html,https://sv9-cdn.stylevana.com/media/catalog/product/cache/7e00eb21d3013c69d32459d0d98e2fbf/b/a/banila-co-clean-it-zero-cleansing-balm-original-7ml-893.jpg,BANILA CO - Clean it Zero Cleansing Balm - Original - 7ml,4.9,BANILA CO,4.6,29,4.8,4977,4.7,10737,cleanser
https://www.amazon.com/SOME-MI-Acne-Prone-Naturally-Derived-Surfactant/dp/B07Q34Y99J/ref=sr_1_1?dib=eyJ2IjoiMSJ9.attQVA5ESAnxbWv9QrMfX-CtO2wBGXo5J5I46L7Pp33Pf3pL8BiFOW-1yHhzIzBseYrSj_TIYc8YiHiYJmBVX3jOkiyQj2zCJJFVoYWazvL7QOXz6CrvN2My7-EYF26fOTw-8DOLxYhAgUG6t9tK4rThBDiLBzGDTLf7cYpSQy0PRaIsBXsIqKy1IinxIwshkEE69RUgDXcIYc_iUfIChn4M3ELBrITpOWkbLXCp_MeZ3z2Lu9Yybc0RYN1pSoc-wn7iK4yBu1fdNhq0ILKHW_G_AXZ0k9k4JD-NwzyRIgQ.9L-2UjzIN2dRwYv8-PHPjfJW0OylKNRL1wMfqBeXMjo&dib_tag=se&keywords=SOME%2BBY%2BMI%2B-%2BAHA-BHA-PHA%2B30%2BDays%2BMiracle%2BAcne%2BClear%2BFoam&qid=1748755420&sr=8-1&th=1,https://www.yesstyle.com/en/some-by-mi-aha-bha-pha-30-days-miracle-acne-clear-foam-otc-version/info.html/pid.1106272718,https://www.stylevana.com/en_US/some-by-mi-aha-bha-pha-30-days-miracle-acne-clear-foam-100ml3317.html,https://sv9-cdn.stylevana.com/media/catalog/product/cache/7e00eb21d3013c69d32459d0d98e2fbf/s/o/some-by-mi-aha-bha-pha-30-days-miracle-acne-clear-foam-100ml--81.jpg,SOME BY MI - AHA-BHA-PHA 30 Days Miracle Acne Clear Foam - 100ml,13.75,SOME BY MI,4.7,85,4.6,992,4.5,1244,cleanser
,https://www.yesstyle.com/en/heimish-matcha-biome-amino-acne-cleansing-foam-150g/info.html/pid.1113444271,https://www.stylevana.com/en_US/heimish-matcha-biome-amino-acne-cleansing-foam-150g2039.html,https://sv9-cdn.stylevana.com/media/catalog/product/cache/7e00eb21d3013c69d32459d0d98e2fbf/h/e/heimish-match-biome-amino-acne-cleansing-foam-150g-586.jpg,heimish - Matcha Biome Amino Acne Cleansing Foam - 150g,10.63,heimish,4.5,22,4.5,22,,0,cleanser
https://www.amazon.com/Manyo-Factory-Pure-Cleansing-Oil/dp/B01N5K834V/ref=sr_1_1?crid=2Q3ZIV12M1SS1&dib=eyJ2IjoiMSJ9.e2E_n71nyLGTHjvhTS-qnzTnpBZiJVLOXwV2cOT9sUUPxgRhalhIX5yV4vUlFzPtzLcjgEKZj81BQI3D85DhHyvgF1W95YrPUsBIbejk58DGA-64G8r7WJ1s0Sy9npt2AHszCYDcQfr6hyEyRT3cd9GbsHcx0x9cyS8UmpLePEjym31whJXGpLuufe8kKgrKy701uVZx0O0chOM4V1Jha3IUwrUfreueOhYpKLj4lJ-Ih_SnZLMDvjWkcknWhPL-35b2K4m4GsEU73w5h1BMmOeo9nFBarYwg7mnBZdJhDs.6uW8v-LADRAB8btvEz06N8jcWn00Ixu-LkvhSjZXcKQ&dib_tag=se&keywords=Ma%3Anyo%2B-%2BPure%2BCleansing%2BOil&qid=1748755649&sprefix=ma%2Bnyo%2B-%2Bpure%2Bcleansing%2Boil%2Caps%2C221&sr=8-1&th=1,https://www.yesstyle.com/en/ma-nyo-pure-cleansing-oil-200ml/info.html/pid.1112313883,https://www.stylevana.com/en_US/ma-nyo-pure-cleansing-oil-200ml4354.html,https://sv9-cdn.stylevana.com/media/catalog/product/cache/7e00eb21d3013c69d32459d0d98e2fbf/m/a/ma-nyo-pure-cleansing-oil-200ml-354.jpg,Ma:nyo - Pure Cleansing Oil - 200ml,28.32,Ma:nyo,4.5,78,4.5,1262,4.5,5485,cleanser
https://www.amazon.com/iUNIK-Calendula-Complete-Cleansing-Oil/dp/B07NNZSG2K/ref=sr_1_6?crid=1D94CKMNFSZRK&dib=eyJ2IjoiMSJ9.X7SuOHKaFeBhJRmmkg8jBXFku6BO3stnTO3a3VV7-7jrc7VSh31GsAQcJfcY5V3r8pLdnzqJHt4RqAXEEU8KRZrSAgLbbHEOpVedt7FOQ4h5_5PZcj_F-L7e5PBXWhwoogt_mFaIO8Zsptuzc5EbUFyWia3vSv13gejdZHBIQ-X2ntp28xgkAPMOQSYiJwhnDDwn6XvNQjA_jsRIzd0gtaDwcfO3MwsVYaYn2-X1MivZqRQvQTh1pCVF8YnZM912vQoMQqLHB8E_ZirGjqKbaxmybinPqkPdT2i5CDT9ZQQ.CVYAqjw3l2YOLSSE7QiRxKagihuFGNHB7aCUZrOEQ0I&dib_tag=se&keywords=Calendula+Complete+Cleansing+Oil&qid=1748755732&sprefix=calendula+complete+cleansing+oil%2Caps%2C197&sr=8-6,https://www.yesstyle.com/en/iunik-calendula-complete-cleansing-oil-200ml-200ml/info.html/pid.1068351702,https://www.stylevana.com/en_US/iunik-calendula-complete-cleansing-oil.html,https://sv9-cdn.stylevana.com/media/catalog/product/cache/7e00eb21d3013c69d32459d0d98e2fbf/i/u/iunik-calendula-complete-cleansing-oil-200ml-237.jpg,iUNIK - Calendula Complete Cleansing Oil,9.33,iUNIK,4.7,384,4.6,4227,4.5,2902,cleanser
https://www.amazon.com/ARENCIA-Green-Rice-Fresh-Cleanser/dp/B0C1BMWPR2/ref=sr_1_1?crid=3ATJX9TULQ27B&dib=eyJ2IjoiMSJ9.TsAQafjGO5R7Du7rm6kusAXrD7Hx8Haf94pley19SevIDP0p-MF_8x9glxdSpT3G76-ydQaWWRsGdxLvsewP3i1LZl1eG-rKb_1SlUc7JVrHbs17OH4GRD-sSVg2lMSnSfnO6yaHzdG9jiU7O3xxldyNh5ifZPIdoev2UF4aGgr8vhSjMgu7KpOZemZYNAEJOnR1hQufs_RCF4Jzy0Aq4WAH-UrJEPwDQj6L3AEGdG5n8TjFxeBGSj4WM808rOYvXeOjFhrYkBpXClfoiAZ8Kla-4mDJmRZTc5W1tV6kCpA.hW_zwlSoIlBhbJZFKh6xekQ7p_O8hCkEyRDIoznirbw&dib_tag=se&keywords=arencia%2B-%2Bfresh%2Bgreen%2Brice%2Bmochi%2Bcleanser&qid=1748755786&sprefix=Arencia%2B-%2BFresh%2BGreen%2BRice%2BMochi%2BCleanser%2Caps%2C161&sr=8-1&th=1,https://www.yesstyle.com/en/arencia-fresh-green-rice-mochi-cleanser-120g/info.html/pid.1133101178,https://www.stylevana.com/en_US/arencia-fresh-green-rice-mochi-cleanser-120g1183.html,https://sv9-cdn.stylevana.com/media/catalog/product/cache/7e00eb21d3013c69d32459d0d98e2fbf/a/r/arencia-fresh-green-rice-mochi-cleanser-120g-744.jpg,Arencia - Fresh Green Rice Mochi Cleanser - 120g,21.21,Arencia,4.2,13,4.6,238,4.4,1523,cleanser
https://www.amazon.com/ROUND-LAB-Moisturizing-Cleanser-Soothing/dp/B093W78YWZ/ref=sr_1_1?crid=3MYJOPXFYQ0O7&dib=eyJ2IjoiMSJ9.G3QjcV5KFY6T4kcuzWMxEQLiK-tjt4oseabUWm-JNRW_ApQ6wjOjFnsXuTuqzQLHIe6e5_otaW91ZVq0tliP2iDmaYtIy2wYm6QEW45gP762ZMIY57fbZbvM8lD8zkAXgksfJ6i8Orwo9APnq4q7Tk4xGm_rXk2_63lc0JjFP5w9018fB3jYhxOYtBZw9CSW1UMDc9fKOM-me3yn4j9rRrRUUntU3FT1E02EK7XNiBoPcL2FxlvFOOUEnEYjeNJJFYejhY8ZJMBKYxgYI-CRFTr4THsU0vhgz9WRctxGoDo._rTVl3IrL9L6J248oJHYNJqYDcwWBOey4ZhZkCIMEzQ&dib_tag=se&keywords=Round+Lab+-+Birch+Juice+Moisturizing+Cleanser&qid=1748755906&sprefix=round+lab+-+birch+juice+moisturizing+cleanser%2Caps%2C177&sr=8-1,https://www.yesstyle.com/en/round-lab-birch-juice-moisturizing-cleanser-150ml/info.html/pid.1123980118,https://www.stylevana.com/en_US/round-lab-birch-juice-moisturizing-cleanser-150ml3078.html,https://sv9-cdn.stylevana.com/media/catalog/product/cache/7e00eb21d3013c69d32459d0d98e2fbf/r/o/round-lab-birch-juice-moisturizing-cleanser-150ml-404.jpg,Round Lab - Birch Juice Moisturizing Cleanser - 150ml,13.6,Round Lab,4.7,31,4.7,921,4.7,464,cleanser
https://www.amazon.com/Salicylic-Gentle-Cleanser-150milliliter-Blemish/dp/B00OZ6W8DW/ref=sr_1_1_mod_primary_new?crid=1ET71MQZ2D59S&dib=eyJ2IjoiMSJ9.N9m3cZReYZYfdUZdcqb9pXLXCMSp2ctFIREjyfBCKNIutOI7pWpl_ml63IgwLu7d7VqbwIJ8QDzOZoi8bimrRbiFUwINabqOeM778jNTSSx0cnWHhFR9iAl_cdywiOOMZaTfLJiNjUsHhcR7lzOHXpTXebPZYIcR_4ewiYAK1U5eWFtT5FKpfVmhdOFSZsmHNowH7UbPB38Jg1qDCBUXSHEpRy8MRFyM_YNN3tV4Npta-8FQG-qijGB_eVwTQ9swKDvEoK-W3qnhP7QQ3P13RUea8WA4ScYQcXXSlX5QeI0.iJAG4bNtiOL1WkNUIjmv19eRiLNNjHmgvs8dxx1ZPlw&dib_tag=se&keywords=COSRX+-+Salicylic+Acid+Daily+Gentle+Cleanser&qid=1748755961&sbo=RZvfv%2F%2FHxDF%2BO5021pAnSA%3D%3D&sprefix=cosrx+-+salicylic+acid+daily+gentle+cleanser%2Caps%2C141&sr=8-1,https://www.yesstyle.com/en/cosrx-salicylic-acid-daily-gentle-cleanser/info.html/pid.1052684728,https://www.stylevana.com/en_US/cosrx-salicylic-acid-daily-gentle-cleanser-150ml1669.html,https://sv9-cdn.stylevana.com/media/catalog/product/cache/7e00eb21d3013c69d32459d0d98e2fbf/c/o/cosrx-salicylic-acid-daily-gentle-cleanser-181.jpg,COSRX - Salicylic Acid Daily Gentle Cleanser - 150ml,9.77,COSRX,4.5,227,4.6,7027,4.5,1892,cleanser
https://www.amazon.com/Comedogenic-Hypoallergenic-Hydrating-Sensitive-Fragrance-Free/dp/B092PTSDB4/ref=sr_1_1?crid=5O62YIECGG25&dib=eyJ2IjoiMSJ9.ZJhmJFnK0BwrKOEXW3yYVaANxGqkcOcMkY9rDH-MK1a4-V-2E8rlohK4B5fvXXhtDSexQEIrtEzvkyHkQLqHyP0f3A5bCI_S5JEOZYNBECc0Jdo-FokgSdv2isSrU3ROVCGTUIg6pdmAzEhN6o12oofqwvK1bFqsSkk4XNzBBV5i8yT6EVqlQNocNSxtiYvNagpzbwuo9408IhQ2AzIqhr3LrNNKJbuU9lgrTX3m80fe7r_Zv8uKoCSsZO9HsAmjFli93Yh23OptugQXnpIqVCbS9sBUT9Q8hYCEpkIDQlI.8hpXkrNA2cxL2q_tHCAlJBCKMN7vuY31mqBB_KC5gMg&dib_tag=se&keywords=ETUDE%2B-%2BSoon%2BJung%2BpH%2B6.5%2BWhip%2BCleanser&qid=1748756009&sprefix=etude%2B-%2Bsoon%2Bjung%2Bph%2B6.5%2Bwhip%2Bcleanser%2Caps%2C177&sr=8-1&th=1,https://www.yesstyle.com/en/etude-soon-jung-ph-6-5-whip-cleanser-150ml-2021-new/info.html/pid.1059551584,https://www.stylevana.com/en_US/etude-soon-jung-ph-6-5-whip-cleanser1934.html,https://sv9-cdn.stylevana.com/media/catalog/product/cache/7e00eb21d3013c69d32459d0d98e2fbf/e/t/etude-house-soon-jung-ph-6-5-whip-cleanser-150ml-310.jpg,ETUDE - Soon Jung pH 6.5 Whip Cleanser,11.1,Etude,4.7,129,4.7,2217,4.6,1345,cleanser
https://www.amazon.com/ISNTREE-Cleanser-cleanser-texture-protects/dp/B09Y5GSG45/ref=sr_1_1?crid=1F94N3HILHXLE&dib=eyJ2IjoiMSJ9.2AXReCFwHUPZx7KNQBS9oF598zGZlYNDUNp2-yFsYQ4KjAX2774e3dNDtrpAdBNeWTjw2TDfnpQzF-wO9O1j_TWtBdJ5jxGxsvDtWGFn0EODLW3Bqx20uZt3uGUYnA_GEG5fB-Uk9-BhQ8gLXuZEkOVmjK3VKH9lSUSSP5Uq8ih5F7GbKoDb-8lFh6NIpqm9RaxNcz_vPFVpdvusR_8KJvN3DB2uJKgFRd8PcTMlgwvwuhT1-poAnefQygGdx9GC4IgZhcIPtzLI5ajWnc8RzGfjuuCf_JbXJB9SJ0ViRvo.FzQn1TCb8Di6J0erz4TC82Kc8O5lOSQtj3ZqxE7Uxts&dib_tag=se&keywords=Isntree+-+Yam+Root+Vegan+Milk+Cleanser&qid=1748756126&sprefix=isntree+-+yam+root+vegan+milk+cleanser%2Caps%2C278&sr=8-1,https://www.yesstyle.com/en/isntree-yam-root-vegan-milk-cleanser-220ml/info.html/pid.1112537740,https://www.stylevana.com/en_US/isntree-yam-root-vegan-milk-cleanser-220ml3910.html,https://sv9-cdn.stylevana.com/media/catalog/product/cache/7e00eb21d3013c69d32459d0d98e2fbf/i/s/isntree-yam-root-vegan-milk-cleanser-220ml-121.jpg,Isntree - Yam Root Vegan Milk Cleanser - 220ml,22.62,Isntree,4.7,48,4.6,654,4.5,235,cleanser
https://www.amazon.com/heimish-Clean-4-0fl-oz-120ml-Balm/dp/B01CJ639SM/ref=sr_1_6_mod_primary_new?crid=2QVLXJFHOU6DV&dib=eyJ2IjoiMSJ9.3FFgJkAsTDbJuBpOGhhAELIU1_r-qPmRA1X6ZZHmU0UIiO5zAz1OCyIO6vqofi1SM7HzuH5P6Yo7O9X_RXyLoQ4ssWOe7oHhFHGm3xWedraqpdTmfI6eSx_p4s9itmS1bNU8iK2K7knkWUbMxgicZHrSm6kCC0Ja6U1TFWvHTB_pBxwNnpNlOBCFO8xZ3quG5GwngJ-hVxtVR-MwUbwyOXkkRRtHHBVkdGl2LaHqfaTfQ1-bUmipeELLHs_hhhhmuH7wnFWdFwJ9w2f_d4DxBpqTZ75ZOE513mjckzDfQF4.rGi7Qgmcf86MgX56bS48vnytF7SqpDxig9gZISDGDIM&dib_tag=se&keywords=All%2BClean%2BBalm&qid=1748755504&sbo=RZvfv%2F%2FHxDF%2BO5021pAnSA%3D%3D&sprefix=all%2Bclean%2Bbalm%2Caps%2C251&sr=8-6&th=1,https://www.yesstyle.com/en/heimish-all-clean-balm-120ml-120ml/info.html/pid.1053102258,https://www.stylevana.com/en_US/heimish-all-clean-balm.html,https://sv9-cdn.stylevana.com/media/catalog/product/cache/7e00eb21d3013c69d32459d0d98e2fbf/h/e/heimish-all-clean-balm-341.jpg,heimish - All Clean Balm,13.67,heimish,4.8,510,4.8,8247,4.6,5206,cleanser
https://www.amazon.com/SKIN1004-Madagascar-Tea-Trica-Professional-Acne-prone/dp/B0B7XFYR23/ref=sr_1_1?crid=1MTSI5L3HTFYX&dib=eyJ2IjoiMSJ9.RPcmQXhKsG-4OJH4KVD8nAOXJIolTwAN_UmetNWFhsVKWRkuWeoLNl5sIEwD7tEtmSwBLrgOBEPom9nbzYrfZil8GWtL1597HwtW2saYi9q2WfffpqB_rDlnh1yGY1LcLbFpimLVjt5-tVYMD5SHSnjSlsM4ncBTUf2HS-Mbvc0QScNFd7tW4uNWXU-H9bBwHlrVjh0aPAMucDKxh0SmnooYqjOszQ_wzYcZoyu0Lywzk3ARSInSKVxIShjLQz5ssyY2b8FrdY6UDkRDq1u5wj8p8kmbaer4v1qb4aybakc.lAlrm0EJ-fJFoUp6bQgyRzrZGdN03FMIgi47CJ1sgiQ&dib_tag=se&keywords=SKIN1004+-+Madagascar+Centella+Tea-Trica+BHA+foam&qid=1748799812&sprefix=skin1004+-+madagascar+centella+tea-trica+bha+f%2Caps%2C407&sr=8-1,https://www.yesstyle.com/en/skin-1004-madagascar-centella-tea-trica-bha-foam-125ml/info.html/pid.1116073912,https://www.stylevana.com/en_US/skin1004-madagascar-centella-tea-trica-bha-foam-125ml3231.html,https://sv9-cdn.stylevana.com/media/catalog/product/cache/7e00eb21d3013c69d32459d0d98e2fbf/s/k/skin1004-madagascar-centella-tea-trica-bha-foam-125ml-394.jpg,SKIN1004 - Madagascar Centella Tea-Trica BHA Foam - 125ml,10.85,SKIN1004,4.7,23,4.7,909,4.4,338,cleanser
https://www.amazon.com/Face-Shop-Cleanser-Brightening-Hydrating/dp/B07DS69MHD/ref=sr_1_6?crid=13XUQDK99AQ2C&dib=eyJ2IjoiMSJ9.UVroQOyPugjwPD1poAZYaWanrPxxVTULRR0ms9evdF5u2X8wp4VnstIOr5kVgLLEXJtfwiPgoIYpW6ukZsIt-UV-kILkZZrIZeA-I2Un7WbgSSceF43GzI3OOuxodMvdanNhYlC-ovxXNJKQAjryhOUTBCF4j6dTVHAMqeOaRQXeZ0VyQ_d8mp1QXZ0-tsxrMSUK1eN08ScU1n1v_dR_6xFTTpwyD0OMaefzwXgHCVibQ9_CuMqWRseW-_oPm7X-c6jUEqrA9u95crckQH3Vix4gaOr6bGuJ_wMFmKSjAg0.-Rk1hh1JqP0YLlpKCVz4tFe1OGz2VhujZYf9md5fgjg&dib_tag=se&keywords=THE%2BFACE%2BSHOP%2B-%2BRice%2BWater%2BBright%2BFoaming&qid=1748799852&sprefix=skin1004%2B-%2Bmadagascar%2Bcentella%2Btea-trica%2Bbha%2Bfoam%2Caps%2C558&sr=8-6&th=1,https://www.yesstyle.com/en/the-face-shop-rice-water-bright-foaming-cleanser-150ml/info.html/pid.1038281940,https://www.stylevana.com/en_US/the-face-shop-rice-water-bright-foaming-cleanser.html,https://sv9-cdn.stylevana.com/media/catalog/product/cache/7e00eb21d3013c69d32459d0d98e2fbf/b/s/bscftfs00001_parent.jpg,THE FACE SHOP - Rice Water Bright Foaming Cleanser,9.87,THE FACE SHOP,4.5,77,4.5,2316,4.4,21537,cleanser
https://www.amazon.com/Sulwhasoo-Gentle-Cleansing-Foam-EX/dp/B00AMXG15I/ref=sr_1_1?crid=3DXNK67NIVI54&dib=eyJ2IjoiMSJ9.D3Ccf6CdnHBInzPlDQ-ISJj8lMNd6rYvbiy14tcGv6GZ0PXFtYOpWg1Ees0NgSrpUWH3232OHbs21enolWVJG5cJjJnDWkUUjxzftR4znv5UouwEeDF78N0U71cmkHpkZynk38F_O3LqycJ5nw1Kbswbi8y6CVIPxUoV4bmA6L4n08cR0aMxjQjgj738dKHt4hLqiYLak-YX58_-yhlCLp3xMQZmZyuFkg1phTmZRvBbZnnilnzctTI-8hSE66gdlAil7M6MN8rya2p0th6YOBvyCh5qCTHwJuO2kp6Pkjo.6T-cOv_nvd32LJvJJagK1v_XCbOaHhuvgfMXUTqMmt0&dib_tag=se&keywords=Sulwhasoo%2B-%2BGentle%2BCleansing%2BFoam&qid=1748799912&sprefix=the%2Bface%2Bshop%2B-%2Brice%2Bwater%2Bbright%2Bfoaming%2Caps%2C339&sr=8-1&th=1,https://www.yesstyle.com/en/sulwhasoo-gentle-cleansing-foam-2023-version-200ml/info.html/pid.1118333899,https://www.stylevana.com/en_US/sulwhasoo-gentle-cleansing-foam-200ml3358.html,https://sv9-cdn.stylevana.com/media/catalog/product/cache/7e00eb21d3013c69d32459d0d98e2fbf/s/u/sulwhasoo-gentle-cleansing-foam-200ml-487.jpg,Sulwhasoo - Gentle Cleansing Foam - 200ml,20.89,Sulwhasoo,4.8,27,4.8,32,4.6,1270,cleanser
,https://www.yesstyle.com/en/beauty-of-joseon-ginseng-cleansing-oil-2024-version-210ml/info.html/pid.1128164794,https://www.stylevana.com/en_US/beauty-of-joseon-ginseng-cleansing-oil-210ml4029.html,https://sv9-cdn.stylevana.com/media/catalog/product/cache/7e00eb21d3013c69d32459d0d98e2fbf/b/e/beauty-of-joseon-ginseng-cleansing-oil-210ml-122.jpg,BEAUTY OF JOSEON - Ginseng Cleansing Oil - 210ml,19.53,BEAUTY OF JOSEON,,0,4.6,3365,,0,cleanser
https://www.amazon.com/COSRX-Good-Morning-Cleanser-150ml/dp/B016NRXO06/ref=sr_1_1?crid=O5P0FJT1WXQ1&dib=eyJ2IjoiMSJ9.sgYRxRCUbGqsUHHPVALp4noWsF7t8tuYkLznfYyTC1od3baKdQMlarCZgPuLWWoNVj5qTGMb5ymoQ5rIps7o01RD2ErI8VLstyFuB4bKO6TNteZ3JUn-UVWfEcMJgNQCU2vNlPKOc9ztBvV0OdxGxFj_L6-K96AxbZfxDV4XoCCMx4HFmxp3D6DEpaWY-cZykbAbeU6ld3DVsnKazlBYbNkWpqbWGVLytRMfa5v8NZWdGpy5AQLC651_AgsLARIjt6dpB4-Qyr8Q-zJobFfb9SbS9sBUT9Q8hYCEpkIDQlI.M-OBdQAAvaYnxXlpmK7Dq55HYnTi6fqdxCFcGo9jWN8&dib_tag=se&keywords=COSRX+-+Low+pH+Good+Morning+Gel+Cleanser&qid=1748801223&sprefix=cosrx+-+low+ph+good+morning+gel+cleanser%2Caps%2C228&sr=8-1,https://www.yesstyle.com/en/cosrx-low-ph-good-morning-gel-cleanser-150ml/info.html/pid.1052684732,https://www.stylevana.com/en_US/cosrx-low-ph-good-morning-gel-cleanser-150ml3638.html,https://sv9-cdn.stylevana.com/media/catalog/product/cache/7e00eb21d3013c69d32459d0d98e2fbf/c/o/cosrx-low-ph-good-morning-gel-cleanser-784.jpg,COSRX - Low pH Good Morning Gel Cleanser - 150ml,10.63,COSRX,4.6,618,4.6,21963,4.5,18404,cleanser
https://www.amazon.com/SKIN1004-Madagascar-Poremizing-Cleansing-Pore-Clogging/dp/B0B884JBNQ/ref=sr_1_6?crid=R8WZ37Z7I9OE&dib=eyJ2IjoiMSJ9.LljMznrgb12DSNg9UJ-4B54iv84tzWXXqqqYgXp2RiJhySC49rJZCJrFPccH1lbhfVYK_U1PupmbCg4Xw5ii_jU5b9TszCH_AGqLvdJ4v0nFSBv2s87y7RaolSkjdLfjineoqESFoP-H9ZArX9MEWMtHxhpwFj5idNdrtc4oVbrNH7DGmJ-tFtFXn8IuoW64pGeI4N7-JUqMpMeCi7wufDpATnga1Y_YkK6rbMVVjhWE8m_nLYqQJMCwQ1CwzaApi31ffVIzoghDnuwDjBJUn2woesXMjTt0Wn4BPUV0g70.g-f9tYAlhLliOyLSW8egNs1DsYjOfqJYpXZcXYS241U&dib_tag=se&keywords=SKIN1004+-+Madagascar+Centella+Poremizing+Deep+Cleansing+Foam&qid=1748801227&sprefix=skin1004+-+madagascar+centella+poremizing+deep+cleansing+foam%2Caps%2C146&sr=8-6,https://www.yesstyle.com/en/skin-1004-madagascar-centella-poremizing-deep-cleansing-foam-125ml/info.html/pid.1116073910,https://www.stylevana.com/en_US/skin1004-madagascar-centella-poremizing-deep-cleansing-foam-125ml3232.html,https://sv9-cdn.stylevana.com/media/catalog/product/cache/7e00eb21d3013c69d32459d0d98e2fbf/s/k/skin1004-madagascar-centella-poremizing-deep-cleansing-foam-125ml-985.jpg,SKIN1004 - Madagascar Centella Poremizing Deep Cleansing Foam - 125ml,10.85,SKIN1004,4.5,27,4.7,1580,4.6,386,cleanser
https://www.amazon.com/ROUND-LAB-Sensitive-impurities-Moisturizing/dp/B08FMCMGN6/ref=sr_1_1?crid=2U6E4B4V2IDDL&dib=eyJ2IjoiMSJ9.Zxai6g8GMIPsmsuWE5PJIEWs5d1fl6ILskIvcwmxjiyxL9OdvxIL6BTbnWbXbMtD385BOZZUMPjFpMqyhgCc7820Eg-wKoVwTJmub4VBAgvfxY2-57F4krNqIYXf66fUoYOXm1hVUWUFGjn70XyuxLBTj79IhMjv8pCIuke42E6KQ9bsdo5Xyo-gWUdmtJsX06-l8UfcBReemeTCFMjsRM6ZBj9SfTRDtN3ao564bBZPCctIV9Lv74tbaznSQHsG8oc9oEwtJBxR3CIZDG0NIuc-IxPShWjxjbmV3b-cEls.b7tsTn4LaoxuWO5xla-5mR4sm2ZQcmgkB5ZwsEo_-DA&dib_tag=se&keywords=Round+Lab+-+1025+Dokdo+Cleanser&qid=1748801246&rdc=1&sprefix=%2Caps%2C128&sr=8-1,https://www.yesstyle.com/en/round-lab-1025-dokdo-cleanser-150ml/info.html/pid.1074113181,https://www.stylevana.com/en_US/round-lab-1025-dokdo-cleanser-150ml3080.html,https://sv9-cdn.stylevana.com/media/catalog/product/cache/7e00eb21d3013c69d32459d0d98e2fbf/r/o/round-lab-1025-dokdo-cleanser-150ml-269.jpg,Round Lab - 1025 Dokdo Cleanser - 150ml,10.5,Round Lab,4.7,98,4.8,5715,4.6,1744,cleanser
https://www.amazon.com/ANUA-Heartleaf-Cleansing-Cleanser-Blackheads/dp/B0BN2PX8V3/ref=sr_1_1?crid=1RNGGCIFXZC7Y&dib=eyJ2IjoiMSJ9.xWO8_Ut0KZottM4X8LAU-vMrMccCZtWb88gzYVgl0hrXzXygibQavnzkl12OEphW7uziaueGhP_SsJrV5YyBz3inebRJGT4T2RlGSO2t2smCOxV2CpyeD4MbrRwaMjlFSEV4VEzo5HB_0pW4mF0b1rd0H6UhXeqbsRYJR4E3UWLiIHxd8iIjrquWYYftuVkM0yq7lxBzds1x9Rjcu_VfV-dh2LTKHM40kv29N44eNZkCrN8KGfJfT4eUXCEO0h6hsrqWH6skVvzoCuLg39U7o0XRyAng0nZxw-b5U6exBNk.JwoDC4ja7HHqy-OtuVizTD2NxtIQs9uiupI4FjxJ2wQ&dib_tag=se&keywords=ANUA+-+Heartleaf+Pore+Control+Cleansing+Oil&qid=1748801263&sprefix=anua+-+heartleaf+pore+control+cleansing+oil+%2Caps%2C140&sr=8-1,https://www.yesstyle.com/en/anua-heartleaf-pore-control-cleansing-oil-200ml/info.html/pid.1134490327,https://www.stylevana.com/en_US/anua-heartleaf-pore-control-cleansing-oil-200ml3988.html,https://sv9-cdn.stylevana.com/media/catalog/product/cache/7e00eb21d3013c69d32459d0d98e2fbf/a/n/anua-heartleaf-pore-control-cleansing-oil-200ml-929.jpg,ANUA - Heartleaf Pore Control Cleansing Oil - 200ml,20.0,ANUA,4.2,197,4.5,11164,4.3,17678,cleanser
https://www.amazon.com/Beauty-Joseon-Refreshing-Cleanser-fl-oz/dp/B09N919SS5/ref=sr_1_1?crid=2HWWM7AGZP4IY&dib=eyJ2IjoiMSJ9.BkBVFaaCsFUm1blzpyHVm1-QWSLFPzt5TCwd3EMsp_qGrangMccl_N4qlQEP3QSztxOeMmahQtHD5GJ9QgNnuLagEAqjei1h3r1zouQnXPkHf_uuAemC3xiApYmttXFjgS9j-FuCe2hh2TTQqZSPks_o0WMw8uPDy8ShvdHWXAsy6wD6hhiMgEVLWqUXz0KqsCfxi6bU8yQX4-8TTYK048e73Wx54BDuwKg8NWkPxFagZyoXi6Jhx6bF6ZBJ2R9TBdImvXCKT-KKqAKUBBXSA36i6eKfrdwm7gQwDCioVHY.VxOvocMUnyUrG36XRHtx8vrrYwBTmt4U6wcM-LVqK3o&dib_tag=se&keywords=BEAUTY+OF+JOSEON+-+Green+Plum+Refreshing+Cleanser&qid=1748801281&sprefix=beauty+of+joseon+-+green+plum+refreshing+cleanser%2Caps%2C134&sr=8-1,https://www.yesstyle.com/en/beauty-of-joseon-green-plum-refreshing-cleanser-100ml/info.html/pid.1109420675,https://www.stylevana.com/en_US/beauty-of-joseon-green-plum-refreshing-cleanser-100ml1581.html,https://sv9-cdn.stylevana.com/media/catalog/product/cache/7e00eb21d3013c69d32459d0d98e2fbf/b/e/beauty-of-joseon-green-plum-refreshing-cleanser-100ml-54.jpg,BEAUTY OF JOSEON - Green Plum Refreshing Cleanser - 100ml,12.69,BEAUTY OF JOSEON,4.5,97,4.7,2102,4.5,2814,cleanser
https://www.amazon.com/Beauty-Joseon-Radiance-Cleansing-100ml/dp/B0B3R661JP/ref=sr_1_1?crid=25C3OGF85E6ET&dib=eyJ2IjoiMSJ9.NF5uM6lkQu_INdhWmBPaeiFQJ2r6oJfr5YCqF9qIx7eCBpbfZgTuM_rCjM3xAqkLGYx18aG8OMnpunC49vNv0NG9HlvWaBJ_PtKou3stGB4bN8u9tXxv8XlI0g3Ki3uL5lId1Ld_p5dcX7CWB_xQC9LUmedrU3lKsSnfAfCL5T13MR0uCRAFjycYbQbYdRZPKlldrleH36WHhubDLoBejb6iJBGJR1wZI6tnfGwKaDtDZ65q355Q9UDOcADsLS-S--y2HPouftSJ-PUnGeiukIByOYFa-FeU6i-TgI21tiU.mLm-oTitfSMirJdcV86RPy2DlSZVtKfQkhska22DVWw&dib_tag=se&keywords=BEAUTY+OF+JOSEON+-+Radiance+Cleansing+Balm&qid=1748801297&sprefix=beauty+of+joseon+-+radiance+cleansing+balm%2Caps%2C146&sr=8-1,https://www.yesstyle.com/en/beauty-of-joseon-radiance-cleansing-balm-new-100ml/info.html/pid.1103112930,https://www.stylevana.com/en_US/beauty-of-joseon-radiance-cleansing-balm-100ml1040.html,https://sv9-cdn.stylevana.com/media/catalog/product/cache/7e00eb21d3013c69d32459d0d98e2fbf/b/e/beauty-of-joseon-radiance-cleansing-balm-100ml-253.jpg,BEAUTY OF JOSEON - Radiance Cleansing Balm - 100ml,18.55,BEAUTY OF JOSEON,4.8,250,4.7,2920,4.6,1364,cleanser
https://www.amazon.com/ANUA-Heartleaf-Quercetinol-Pore-Cleansing/dp/B0BVV8BNYJ/ref=sr_1_6?crid=26PL7XXJP926N&dib=eyJ2IjoiMSJ9.U3GTgjFiRgHNR_WK7Twl0l_Mswu6oPi-IJVAoQMIo099Ad75HY-nV2Hl6yZhkB_R2u95zINkRQgwx9QHZfXb-b8oUqq_FLWMlxHFX_QmPqjg4I9HJquoplZzC25aFhi5Chk7lFVuKrpIXwi6giUeouqJEgNebDaxoBsiCpj24AuxWIUpbWHi1AyCXNmnmTQ0ElwX6O6quDdcrW6WpVXFOSj3xdLFPRZOfXj1rc6rPSDDwwbqeatuo6duIkLxLFRbWagHnbHXD8Zwg3y79BP0ox4b2OdN3kgxa-udCTAz0TA.6mUsQ6AiJw1GQMSi48KkHR_OIWj5q3liFzRHVEICM3k&dib_tag=se&keywords=anua+-+heartleaf+quercetin+pore+deep+cleansing+foam&qid=1748801315&sprefix=anua+-+heartleaf+quercetinol+pore+deep+cleansing+foam%2Caps%2C175&sr=8-6,https://www.yesstyle.com/en/anua-heartleaf-quercetinol-pore-deep-cleansing-foam-150ml/info.html/pid.1129006061,https://www.stylevana.com/en_US/anua-heartleaf-quercetinol-pore-deep-cleansing-foam-150ml1496.html,https://sv9-cdn.stylevana.com/media/catalog/product/cache/7e00eb21d3013c69d32459d0d98e2fbf/a/n/anua-heartleaf-quercetinol-pore-deep-cleansing-foam-150ml-692.jpg,ANUA - Heartleaf Quercetinol Pore Deep Cleansing Foam - 150ml,14.0,ANUA,4.4,99,4.7,6685,4.5,9592,cleanser
https://www.amazon.com/Haruharu-Moisture-Cleansing-Fermented-Ingredients/dp/B08W1ZHTL3/ref=sr_1_1?crid=2Q6NM3WV7UJKF&dib=eyJ2IjoiMSJ9.MjLam37IpCOCdzgsmgY-YSPJO5S1LqJbPHcN2vnCtGPcGu13fbgaYHzxX4lKyLlXrvhoSlmc9WK7ui3qZpaaJMB49Ut8N7AduHAo7RxKzC-UU3uQ6u7eHUg6MfQc32knn6eqHcnXVGKEsvzIy8CmxnugJsXtM67AczgCgAMKU4PUl4CLEOL0KYKj5UVJypnf8v6siY-60ga6j1hjvmAZPdJnAHpURQqyrkLktOnI0ujmqQ8K9xvN5nKYqFc5AH3KgC3bxgjhDji7ZzoFQUC8s3TBJg5HtZAfuQ-b51jPfAY.MptKsyWkjPuAgbT0sAUFNTFwVNIVSwLCv-Tg8rM-Ezo&dib_tag=se&keywords=haruharu%2Bwonder%2B-%2BBlack%2BRice%2BMoisture%2BDeep%2BCleansing%2BOil&qid=1748801593&sprefix=haruharu%2Bwonder%2B-%2Bblack%2Brice%2Bmoisture%2Bdeep%2Bcleansing%2Boil%2Caps%2C141&sr=8-1&th=1,https://www.yesstyle.com/en/haruharu-wonder-black-rice-moisture-cleansing-oil-150ml/info.html/pid.1134315119,https://www.stylevana.com/en_US/haruharu-wonder-black-rice-moisture-deep-cleansing-oil-150ml4115.html,,haruharu wonder - Black Rice Moisture Deep Cleansing Oil - 150ml,13.81,haruharu wonder,4.5,173,4.8,76,4.4,2208,cleanser
,,https://www.stylevana.com/en_US/aplb-azelaic-acid-peptide-ampoule-serum-40ml23937.html,https://sv9-cdn.stylevana.com/media/catalog/product/cache/7e00eb21d3013c69d32459d0d98e2fbf/a/p/aplb-azelaic-acid-peptide-ampoule-serum-40ml-821.jpg,APLB - Azelaic Acid Peptide Ampoule Serum - 40ml,10.63,APLB,4.7,26,,0,,0,essence
,,https://www.stylevana.com/en_US/anua-niacinamide10-txa-4-dark-spot-removing-serum-30ml23893.html,https://sv9-cdn.stylevana.com/media/catalog/product/cache/7e00eb21d3013c69d32459d0d98e2fbf/a/n/anua-niacinamide10-txa-4-dark-spot-removing-serum-30ml-218.jpg,ANUA - Niacinamide10% + TXA 4% Dark Spot Removing Serum - 30ml,22.0,ANUA,4.2,225,,0,,0,essence
,,https://www.stylevana.com/en_US/purito-seoul-pure-vitamin-c-serum-60ml25538.html,https://sv9-cdn.stylevana.com/media/catalog/product/cache/7e00eb21d3013c69d32459d0d98e2fbf/p/u/purito-pure-vitamin-c-serum-new-60ml-688.jpg,Purito SEOUL - Pure Vitamin C Serum - 60ml,13.67,Purito SEOUL,4.1,288,,0,,0,essence
,,https://www.stylevana.com/en_US/axis-y-dark-spot-correcting-glow-serum-5ml23984.html,https://sv9-cdn.stylevana.com/media/catalog/product/cache/7e00eb21d3013c69d32459d0d98e2fbf/a/x/axis-y-dark-spot-correcting-glow-serum-5ml-474.jpg,AXIS-Y - Dark Spot Correcting Glow Serum - 5ml,3.29,AXIS-Y,4.8,6,,0,,0,essence
,,https://www.stylevana.com/en_US/cosrx-the-vitamin-c-23-serum-20ml24375.html,https://sv9-cdn.stylevana.com/media/catalog/product/cache/7e00eb21d3013c69d32459d0d98e2fbf/c/o/cosrx-the-vitamin-c-23-serum-20ml-866.jpg,COSRX - The Vitamin C 23 Serum - 20ml,18.99,COSRX,4.0,74,,0,,0,essence
,,https://www.stylevana.com/en_US/goodal-green-tangerine-vita-c-dark-spot-care-serum-40ml24611.html,https://sv9-cdn.stylevana.com/media/catalog/product/cache/7e00eb21d3013c69d32459d0d98e2fbf/g/o/goodal-goodal-green-tangerine-vita-c-dark-spot-care-serum-40ml-721.jpg,Goodal - Green Tangerine Vita-C Dark Spot Care Serum - 40ml,24.73,Goodal,4.3,114,,0,,0,essence
,,https://www.stylevana.com/en_US/cos-de-baha-azelaic-acid-10-serum-az-30ml24219.html,https://sv9-cdn.stylevana.com/media/catalog/product/cache/7e00eb21d3013c69d32459d0d98e2fbf/c/o/cos-de-baha-azelaic-acid-10-serum-az-30ml-922.jpg,Cos De BAHA - Azelaic Acid 10% Serum (AZ) - 30ml,11.39,Cos De BAHA,4.4,91,,0,,0,essence
,,https://www.stylevana.com/en_US/numbuzin-no-9-nad-bio-lifting-essence-50ml25321.html,https://sv9-cdn.stylevana.com/media/catalog/product/cache/7e00eb21d3013c69d32459d0d98e2fbf/n/u/numbuzin-no-9-nad-bio-lifting-essence-50ml-197.jpg,numbuzin - No.9 NAD Bio Lifting Essence - 50ml,28.64,numbuzin,,0,,0,,0,essence
,,https://www.stylevana.com/en_US/beauty-of-joseon-glow-serum-propolis-niacinamide-60ml24168.html,https://sv9-cdn.stylevana.com/media/catalog/product/cache/7e00eb21d3013c69d32459d0d98e2fbf/b/e/beauty-of-joseon-glow-serum-propolis-niacinamide-60ml-625.jpg,BEAUTY OF JOSEON - Glow Serum : Propolis + Niacinamide - 60ml,24.0,BEAUTY OF JOSEON,4.0,1,,0,,0,essence
,,https://www.stylevana.com/en_US/some-by-mi-retinol-intense-reactivating-serum-30ml25804.html,https://sv9-cdn.stylevana.com/media/catalog/product/cache/7e00eb21d3013c69d32459d0d98e2fbf/s/o/some-by-mi-retinol-intense-reactivating-serum-30ml-207.jpg,SOME BY MI - Retinol Intense Reactivating Serum - 30ml,22.25,SOME BY MI,4.3,62,,0,,0,essence
,,https://www.stylevana.com/en_US/anua-7-rice-ceramide-hydrating-barrier-serum-50ml23889.html,https://sv9-cdn.stylevana.com/media/catalog/product/cache/7e00eb21d3013c69d32459d0d98e2fbf/a/n/anua-7-rice-ceramide-hydrating-barrier-serum-50ml-74.jpg,ANUA - 7 Rice Ceramide Hydrating Barrier Serum - 50ml,22.0,ANUA,4.4,9,,0,,0,essence
,,https://www.stylevana.com/en_US/rohto-mentholatum-melano-cc-premium-brightening-essence-japan-version-20ml11174.html,https://sv9-cdn.stylevana.com/media/catalog/product/cache/7e00eb21d3013c69d32459d0d98e2fbf/r/o/rohto-mentholatum-melano-cc-premium-brightening-essence-japan-version-20ml-76.jpg,Rohto Mentholatum  - Melano CC Premium Brightening Essence (Japan Version) - 20ml,17.69,Rohto Mentholatum,4.7,51,,0,,0,essence
,,https://www.stylevana.com/en_US/aplb-glutathione-niacinamide-ampoule-serum-40ml23896.html,https://sv9-cdn.stylevana.com/media/catalog/product/cache/7e00eb21d3013c69d32459d0d98e2fbf/a/p/aplb-glutathione-niacinamide-ampoule-serum-40ml-207.jpg,APLB - Glutathione Niacinamide Ampoule Serum - 40ml,10.63,APLB,4.7,73,,0,,0,essence
,,https://www.stylevana.com/en_US/aplb-retinol-vitamin-c-vitamin-e-ampoule-serum-40ml23944.html,https://sv9-cdn.stylevana.com/media/catalog/product/cache/7e00eb21d3013c69d32459d0d98e2fbf/a/p/aplb-retinol-vitamin-c-vitamin-e-ampoule-serum-40ml-118.jpg,APLB - Retinol Vitamin C Vitamin E Ampoule Serum - 40ml,10.63,APLB,4.7,43,,0,,0,essence
,,https://www.stylevana.com/en_US/beauty-of-joseon-revive-serum-ginseng-snail-mucin-30ml.html,https://sv9-cdn.stylevana.com/media/catalog/product/cache/7e00eb21d3013c69d32459d0d98e2fbf/b/e/beauty-of-joseon-revive-serum-ginseng-snail-mucin-30ml-560.jpg,BEAUTY OF JOSEON - Revive Serum : Ginseng + Snail Mucin - 30ml,16.6,BEAUTY OF JOSEON,4.6,98,,0,,0,essence
,,https://www.stylevana.com/en_US/celimax-pore-dark-spot-brightening-serum-30ml.html,https://sv9-cdn.stylevana.com/media/catalog/product/cache/7e00eb21d3013c69d32459d0d98e2fbf/c/e/celimax-pore-dark-spot-brightening-serum-30ml-202.jpg,CELIMAX - Pore+Dark Spot Brightening Serum - 30ml,21.97,CELIMAX,5.0,1,,0,,0,essence
,,https://www.stylevana.com/en_US/beauty-of-joseon-glow-deep-serum-rice-alpha-arbutin-30ml24179.html,https://sv9-cdn.stylevana.com/media/catalog/product/cache/7e00eb21d3013c69d32459d0d98e2fbf/b/e/beauty-of-joseon-glow-deep-serum-rice-alpha-arbutin-30ml-708.jpg,BEAUTY OF JOSEON - Glow Deep Serum : Rice + Alpha Arbutin - 30ml,16.6,BEAUTY OF JOSEON,4.5,185,,0,,0,essence
,,https://www.stylevana.com/en_US/aplb-kojic-acid-vitamin-c-ampoule-serum-40ml23971.html,https://sv9-cdn.stylevana.com/media/catalog/product/cache/7e00eb21d3013c69d32459d0d98e2fbf/a/p/aplb-kojic-acid-vitamin-c-ampoule-serum-40ml-313.jpg,APLB - Kojic Acid Vitamin C Ampoule Serum - 40ml,10.63,APLB,5.0,9,,0,,0,essence
,,https://www.stylevana.com/en_US/abib-glutathiosome-dark-spot-serum-vita-drop-50ml23854.html,https://sv9-cdn.stylevana.com/media/catalog/product/cache/7e00eb21d3013c69d32459d0d98e2fbf/a/b/abib-glutathiosome-dark-spot-serum-vita-drop-50ml-311.jpg,Abib - Glutathiosome Dark Spot Serum Vita Drop - 50ml,27.78,Abib,4.8,4,,0,,0,essence
,,https://www.stylevana.com/en_US/beauty-of-joseon-light-on-serum-centella-vita-c-30ml24175.html,https://sv9-cdn.stylevana.com/media/catalog/product/cache/7e00eb21d3013c69d32459d0d98e2fbf/b/e/beauty-of-joseon-light-on-serum-centella-vita-c-30ml-259.jpg,BEAUTY OF JOSEON - Light On Serum : Centella + Vita C - 30ml,16.6,BEAUTY OF JOSEON,4.2,33,,0,,0,essence
,,https://www.stylevana.com/en_US/cosrx-the-hyaluronic-acid-3-serum-20ml24374.html,https://sv9-cdn.stylevana.com/media/catalog/product/cache/7e00eb21d3013c69d32459d0d98e2fbf/c/o/cosrx-the-hyaluronic-acid-3-serum-20ml-639.jpg,COSRX - The Hyaluronic Acid 3 Serum - 20ml,18.99,COSRX,5.0,1,,0,,0,essence
,,https://www.stylevana.com/en_US/medicube-pdrn-pink-peptide-serum-30ml25046.html,https://sv9-cdn.stylevana.com/media/catalog/product/cache/7e00eb21d3013c69d32459d0d98e2fbf/m/e/medicube-pdrn-pink-peptide-serum-30ml-95.jpg,medicube - PDRN Pink Peptide Serum - 30ml,27.78,medicube,4.8,45,,0,,0,essence
,,https://www.stylevana.com/en_US/i-m-from-mugwort-essence-160ml10983.html,https://sv9-cdn.stylevana.com/media/catalog/product/cache/7e00eb21d3013c69d32459d0d98e2fbf/i/-/i-m-from-mugwort-essence-160ml-845.jpg,I'm From - Mugwort Essence - 160ml,28.0,I'm From,4.6,110,,0,,0,essence
,,https://www.stylevana.com/en_US/cosrx-the-niacinamide-15-serum-20ml24376.html,https://sv9-cdn.stylevana.com/media/catalog/product/cache/7e00eb21d3013c69d32459d0d98e2fbf/c/o/cosrx-the-niacinamide-15-serum-20ml-881.jpg,COSRX - The Niacinamide 15 Serum - 20ml,18.99,COSRX,4.6,13,,0,,0,essence
,,https://www.stylevana.com/en_US/beauty-of-joseon-ginseng-essence-water-150ml-5-fl-oz10738.html,https://sv9-cdn.stylevana.com/media/catalog/product/cache/7e00eb21d3013c69d32459d0d98e2fbf/b/e/beauty-of-joseon-ginseng-essence-water-150ml-5-fl-oz--937.jpg,BEAUTY OF JOSEON - Ginseng Essence Water - 150ml(5 fl.oz.),17.58,BEAUTY OF JOSEON,4.7,435,,0,,0,essence
,,https://www.stylevana.com/en_US/the-ordinary-hyaluronic-acid-2-b5-30ml25372.html,https://sv9-cdn.stylevana.com/media/catalog/product/cache/7e00eb21d3013c69d32459d0d98e2fbf/t/h/the-ordinary-hyaluronic-acid-2-b5-30ml-715.jpg,The Ordinary - Hyaluronic Acid 2% + B5 - 30ml,16.63,The Ordinary,3.0,1,,0,,0,essence
,,https://www.stylevana.com/en_US/numbuzin-no-5-glutathione-vitamin-concentrated-serum-30ml25336.html,https://sv9-cdn.stylevana.com/media/catalog/product/cache/7e00eb21d3013c69d32459d0d98e2fbf/n/u/numbuzin-no-5-vitamin-concentrated-serum-30ml-496.jpg,numbuzin - No.5+ Glutathione Vitamin Concentrated Serum - 30ml,22.57,numbuzin,4.6,86,,0,,0,essence
,,https://www.stylevana.com/en_US/ksecret-seoul-1988-serum-retinal-liposome-2-black-ginseng-30ml24930.html,https://sv9-cdn.stylevana.com/media/catalog/product/cache/7e00eb21d3013c69d32459d0d98e2fbf/k/s/ksecret-seoul-1988-serum-retinal-liposome-2-black-ginseng-30ml-973.jpg,KSECRET - SEOUL 1988 Serum : Retinal Liposome 2% + Black Ginseng - 30ml,16.71,KSECRET,4.7,53,,0,,0,essence
,,https://www.stylevana.com/en_US/purito-seoul-wonder-releaf-centella-serum-unscented-60ml25577.html,https://sv9-cdn.stylevana.com/media/catalog/product/cache/7e00eb21d3013c69d32459d0d98e2fbf/p/u/purito-seoul-wonder-releaf-centella-serum-unscented-60ml-699.jpg,Purito SEOUL - Wonder Releaf Centella Serum Unscented - 60ml,16.7,Purito SEOUL,4.8,303,,0,,0,essence
,,https://www.stylevana.com/en_US/rohto-mentholatum-rohto-melano-cc-concentration-measures-essence-20ml11184.html,https://sv9-cdn.stylevana.com/media/catalog/product/cache/7e00eb21d3013c69d32459d0d98e2fbf/r/o/rohto-mentholatum-rohto-melano-cc-concentration-measures-essence-2021-version-20ml-994.jpg,Rohto Mentholatum   - Rohto Melano CC Concentration Measures Essence - 20ml,11.59,Rohto Mentholatum,4.7,272,,0,,0,essence
,,https://www.stylevana.com/en_US/rohto-mentholatum-hada-labo-h-a-supreme-vita-brightening-concentrate-serum-for-deep-hydration-whitening-30ml25098.html,https://sv9-cdn.stylevana.com/media/catalog/product/cache/7e00eb21d3013c69d32459d0d98e2fbf/r/o/rohto-mentholatum-hada-labo-h-a-supreme-vita-brightening-concentrate-30ml-829.jpg,Rohto Mentholatum - Hada Labo H.A. Supreme Vita Brightening Concentrate Serum (For Deep Hydration & Whitening) - 30ml,44.19,Rohto Mentholatum,5.0,2,,0,,0,essence
,,https://www.stylevana.com/en_US/axis-y-dark-spot-correcting-glow-serum-50ml23985.html,https://sv9-cdn.stylevana.com/media/catalog/product/cache/7e00eb21d3013c69d32459d0d98e2fbf/a/x/axis-y-dark-spot-correcting-glow-serum-50ml-110.jpg,AXIS-Y - Dark Spot Correcting Glow Serum - 50ml,18.0,AXIS-Y,4.3,638,,0,,0,essence
,,https://www.stylevana.com/en_US/anua-azelaic-acid-10-hyaluron-redness-soothing-serum-30ml23887.html,https://sv9-cdn.stylevana.com/media/catalog/product/cache/7e00eb21d3013c69d32459d0d98e2fbf/a/n/anua-azelaic-acid-10-hyaluron-redness-soothing-serum-30ml-364.jpg,ANUA - Azelaic Acid 10 Hyaluron Redness Soothing Serum - 30ml,22.0,ANUA,4.7,6,,0,,0,essence
,,https://www.stylevana.com/en_US/haruharu-wonder-black-rice-probiotics-barrier-essence-milky-essence-120ml10965.html,https://sv9-cdn.stylevana.com/media/catalog/product/cache/7e00eb21d3013c69d32459d0d98e2fbf/h/a/haruharu-wonder-black-rice-probiotics-barrier-essence-120ml-21.jpg,haruharu wonder - Black Rice Probiotics Barrier Essence (Milky Essence) - 120ml,16.07,haruharu wonder,4.9,51,,0,,0,essence
,,https://www.stylevana.com/en_US/beauty-of-joseon-glow-serum-propolis-niacinamide-30ml24182.html,https://sv9-cdn.stylevana.com/media/catalog/product/cache/7e00eb21d3013c69d32459d0d98e2fbf/b/e/beauty-of-joseon-glow-serum-proplis-niacinamide-30ml-809.jpg,BEAUTY OF JOSEON - Glow Serum : Propolis + Niacinamide - 30ml,16.6,BEAUTY OF JOSEON,4.6,740,,0,,0,essence
,,https://www.stylevana.com/en_US/cosrx-advanced-snail-96-mucin-power-essence-100ml10777.html,https://sv9-cdn.stylevana.com/media/catalog/product/cache/7e00eb21d3013c69d32459d0d98e2fbf/c/o/cosrx-advanced-snail-96-mucin-power-essence-100ml-492.jpg,COSRX - Advanced Snail 96 Mucin Power Essence 100ml,18.99,COSRX,4.6,1651,,0,,0,essence
,,https://www.stylevana.com/en_US/purito-seoul-dermide-relief-barrier-moisturizer-100ml15009.html,https://sv9-cdn.stylevana.com/media/catalog/product/cache/7e00eb21d3013c69d32459d0d98e2fbf/p/u/purito-dermide-relief-barrier-moisturizer-100ml-904.jpg,Purito SEOUL - Dermide Relief Barrier Moisturizer - 100ml,16.89,Purito SEOUL,4.6,89,,0,,0,moisturizer
,,https://www.stylevana.com/en_US/dr-althea-345-relief-cream-50ml5339.html,https://sv9-cdn.stylevana.com/media/catalog/product/cache/7e00eb21d3013c69d32459d0d98e2fbf/d/r/dr-althea-345-relief-cream-50ml-59.jpg,Dr. Althea - 345 Relief Cream - 50ml,27.0,Dr. Althea,4.5,53,,0,,0,moisturizer
,,https://www.stylevana.com/en_US/haruharu-wonder-centella-phyto-5-peptide-concentrate-cream-30ml5944.html,https://sv9-cdn.stylevana.com/media/catalog/product/cache/7e00eb21d3013c69d32459d0d98e2fbf/h/a/haruharu-wonder-centella-phyto-5-peptide-concentrate-cream-30ml-48.jpg,haruharu wonder - Centella Phyto & 5 Peptide Concentrate Cream - 30ml,14.4,haruharu wonder,4.6,22,,0,,0,moisturizer
,,https://www.stylevana.com/en_US/mixsoon-bean-cream-50ml6987.html,https://sv9-cdn.stylevana.com/media/catalog/product/cache/7e00eb21d3013c69d32459d0d98e2fbf/m/i/mixsoon-bean-cream-50ml-131.jpg,mixsoon - Bean Cream - 50ml,22.05,mixsoon,5.0,4,,0,,0,moisturizer
,,https://www.stylevana.com/en_US/pyunkang-yul-intensive-repair-cream-50ml7471.html,https://sv9-cdn.stylevana.com/media/catalog/product/cache/7e00eb21d3013c69d32459d0d98e2fbf/p/y/pyunkangyul-intensive-repair-cream-50ml-415.jpg,Pyunkang Yul - Intensive Repair Cream - 50ml,21.69,Pyunkang Yul,4.6,79,,0,,0,moisturizer
,,https://www.stylevana.com/en_US/iunik-beta-glucan-daily-moisture-cream.html,https://sv9-cdn.stylevana.com/media/catalog/product/cache/7e00eb21d3013c69d32459d0d98e2fbf/i/u/iunik-beta-glucan-daily-moisture-cream-60ml-116.jpg,iUNIK - Beta Glucan Daily Moisture Cream,17.1,iUNIK,4.8,190,,0,,0,moisturizer
,,https://www.stylevana.com/en_US/torriden-dive-in-low-molecular-hyaluronic-acid-soothing-cream-100ml7995.html,https://sv9-cdn.stylevana.com/media/catalog/product/cache/7e00eb21d3013c69d32459d0d98e2fbf/t/o/torriden-dive-in-low-molecule-hyaluronic-acid-soothing-cream-100ml-711.jpg,Torriden - DIVE-IN Low Molecular Hyaluronic Acid Soothing Cream - 100ml,26.37,Torriden,4.7,61,,0,,0,moisturizer
,,https://www.stylevana.com/en_US/cosrx-hyaluronic-acid-intensive-cream-100ml5272.html,https://sv9-cdn.stylevana.com/media/catalog/product/cache/7e00eb21d3013c69d32459d0d98e2fbf/c/o/cosrx-hyaluronic-acid-intensive-cream-909.jpg,COSRX - Hyaluronic Acid Intensive Cream - 100ml,18.99,COSRX,4.7,70,,0,,0,moisturizer
,,https://www.stylevana.com/en_US/isntree-hyaluronic-acid-moist-cream.html,https://sv9-cdn.stylevana.com/media/catalog/product/cache/7e00eb21d3013c69d32459d0d98e2fbf/i/s/isntree-hyaluronic-acid-moist-cream-100ml-105.jpg,Isntree - Hyaluronic Acid Moist Cream,18.07,Isntree,4.8,127,,0,,0,moisturizer
,,https://www.stylevana.com/en_US/prettyskin-snail-multi-cream-100ml7346.html,https://sv9-cdn.stylevana.com/media/catalog/product/cache/7e00eb21d3013c69d32459d0d98e2fbf/p/r/prettyskin-snail-multi-cream-100ml-585.jpg,PRETTYSKIN - Snail Multi Cream - 100ml,4.09,PRETTYSKIN,4.0,2,,0,,0,moisturizer
,,https://www.stylevana.com/en_US/medicube-deep-vita-c-capsule-cream-55g6707.html,https://sv9-cdn.stylevana.com/media/catalog/product/cache/7e00eb21d3013c69d32459d0d98e2fbf/m/e/medicube-deep-vita-c-capsule-cream-55g-402.jpg,medicube - Deep Vita C Capsule Cream - 55g,25.93,medicube,4.8,70,,0,,0,moisturizer
,,https://www.stylevana.com/en_US/some-by-mi-aha-bha-pha-30-days-miracle-cream-60g7880.html,https://sv9-cdn.stylevana.com/media/catalog/product/cache/7e00eb21d3013c69d32459d0d98e2fbf/s/o/some-by-mi-aha-bha-pha-30-days-miracle-cream-60g-65.jpg,SOME BY MI - AHA-BHA-PHA 30 Days Miracle Cream - 60g,18.98,SOME BY MI,4.6,466,,0,,0,moisturizer
,,https://www.stylevana.com/en_US/atopalm-mle-cream-100ml4877.html,https://sv9-cdn.stylevana.com/media/catalog/product/cache/7e00eb21d3013c69d32459d0d98e2fbf/a/t/atopalm-mle-cream-100ml-896.jpg,Atopalm - MLE Cream - 100ml,26.73,ATP,4.6,10,,0,,0,moisturizer
,,https://www.stylevana.com/en_US/dr-althea-147-barrier-cream-50ml5340.html,https://sv9-cdn.stylevana.com/media/catalog/product/cache/7e00eb21d3013c69d32459d0d98e2fbf/d/r/dr-althea-147-barrier-cream-50ml-520.jpg,Dr. Althea - 147 Barrier Cream - 50ml,26.37,Dr. Althea,4.2,11,,0,,0,moisturizer
,,https://www.stylevana.com/en_US/la-roche-posay-cicaplast-baume-b5-100ml6636.html,https://sv9-cdn.stylevana.com/media/catalog/product/cache/7e00eb21d3013c69d32459d0d98e2fbf/l/a/la-roche-posay-cicaplast-baume-b5-100ml-511.jpg,La Roche Posay - Cicaplast Baume B5+ - 100ml,20.58,La Roche Posay,3.8,16,,0,,0,moisturizer
,,https://www.stylevana.com/en_US/aplb-glutathione-niacinamide-facial-cream-55ml4745.html,https://sv9-cdn.stylevana.com/media/catalog/product/cache/7e00eb21d3013c69d32459d0d98e2fbf/a/p/aplb-glutathione-niacinamide-facial-cream-55ml-122.jpg,APLB - Glutathione Niacinamide Facial Cream - 55ml,10.63,APLB,4.9,50,,0,,0,moisturizer
,,https://www.stylevana.com/en_US/haruharu-wonder-black-rice-triple-aha-gentle-cleansing-gel-100ml5945.html,https://sv9-cdn.stylevana.com/media/catalog/product/cache/7e00eb21d3013c69d32459d0d98e2fbf/h/a/haruharu-wonder-black-rice-triple-aha-gentle-cleansing-gel-100ml-358.jpg,haruharu wonder - Black Rice Triple AHA Gentle Cleansing Gel - 100ml,9.99,haruharu wonder,5.0,13,,0,,0,moisturizer
,,https://www.stylevana.com/en_US/round-lab-mugwort-calming-cream-80ml7557.html,https://sv9-cdn.stylevana.com/media/catalog/product/cache/7e00eb21d3013c69d32459d0d98e2fbf/r/o/round-lab-mugwort-calming-cream-80ml-99.jpg,Round Lab - Mugwort Calming Cream - 80ml,11.99,Round Lab,4.8,17,,0,,0,moisturizer
,,https://www.stylevana.com/en_US/medicube-pdrn-pink-collagen-capsule-cream-55g6741.html,https://sv9-cdn.stylevana.com/media/catalog/product/cache/7e00eb21d3013c69d32459d0d98e2fbf/m/e/medicube-pdrn-pink-collagen-capsule-cream-55g-823.jpg,medicube - PDRN Pink Collagen Capsule Cream - 55g,29.51,medicube,5.0,5,,0,,0,moisturizer
,,https://www.stylevana.com/en_US/round-lab-birch-juice-moisturizing-cream-80ml7555.html,https://sv9-cdn.stylevana.com/media/catalog/product/cache/7e00eb21d3013c69d32459d0d98e2fbf/r/o/round-lab-birch-juice-moisturizing-cream-80ml-403.jpg,Round Lab - Birch Juice Moisturizing Cream - 80ml,23.4,Round Lab,4.6,64,,0,,0,moisturizer
,,https://www.stylevana.com/en_US/isntree-hyaluronic-acid-aqua-gel-cream-100ml6238.html,https://sv9-cdn.stylevana.com/media/catalog/product/cache/7e00eb21d3013c69d32459d0d98e2fbf/i/s/isntree-hyaluronic-acid-aqua-gel-cream-100ml-615.jpg,Isntree - Hyaluronic Acid Aqua Gel Cream - 100ml,18.07,Isntree,4.6,241,,0,,0,moisturizer
,,https://www.stylevana.com/en_US/skin1004-madagascar-centella-hyalu-cica-moisture-cream-75ml7713.html,https://sv9-cdn.stylevana.com/media/catalog/product/cache/7e00eb21d3013c69d32459d0d98e2fbf/s/k/skin1004-madagascar-centella-hyalu-cica-moisture-cream-75ml-65.jpg,SKIN1004 - Madagascar Centella Hyalu-Cica Moisture Cream - 75ml,14.11,SKIN1004,4.4,30,,0,,0,moisturizer
,,https://www.stylevana.com/en_US/celimax-dual-barrier-skin-wearable-cream-50ml5224.html,https://sv9-cdn.stylevana.com/media/catalog/product/cache/7e00eb21d3013c69d32459d0d98e2fbf/c/e/celimax-dual-barrier-skin-wearable-cream-50ml-531.jpg,CELIMAX - Dual Barrier Skin Wearable Cream - 50ml,23.33,CELIMAX,4.3,30,,0,,0,moisturizer
,,https://www.stylevana.com/en_US/skin1004-madagascar-centella-soothing-cream-75ml7718.html,https://sv9-cdn.stylevana.com/media/catalog/product/cache/7e00eb21d3013c69d32459d0d98e2fbf/s/k/skin1004-madagascar-centella-soothing-cream-75ml-398.jpg,SKIN1004 - Madagascar Centella Soothing Cream - 75ml,14.11,SKIN1004,4.7,116,,0,,0,moisturizer
,,https://www.stylevana.com/en_US/dr-g-r-e-d-blemish-clear-soothing-cream-70ml5514.html,https://sv9-cdn.stylevana.com/media/catalog/product/cache/7e00eb21d3013c69d32459d0d98e2fbf/d/r/dr-g-r-e-d-blemish-clear-soothing-cream-70ml-787.jpg,Dr.G - R.E.D Blemish Clear Soothing Cream - 70ml,26.55,Dr.G,4.4,109,,0,,0,moisturizer
,,https://www.stylevana.com/en_US/medicube-collagen-jelly-cream-50ml6743.html,https://sv9-cdn.stylevana.com/media/catalog/product/cache/7e00eb21d3013c69d32459d0d98e2fbf/m/e/medicube-collagen-jelly-cream-50ml-353.jpg,medicube - Collagen Jelly Cream - 50ml,17.9,medicube,4.6,11,,0,,0,moisturizer
,,https://www.stylevana.com/en_US/cosrx-advanced-snail-92-all-in-one-cream-100g5273.html,https://sv9-cdn.stylevana.com/media/catalog/product/cache/7e00eb21d3013c69d32459d0d98e2fbf/c/o/cosrx-advanced-snail-92-all-in-one-cream-918.jpg,COSRX - Advanced Snail 92 All In One Cream - 100g,19.75,COSRX,4.5,650,,0,,0,moisturizer
,,https://www.stylevana.com/en_US/skin1004-madagascar-centella-poremizing-light-gel-cream-75ml7711.html,https://sv9-cdn.stylevana.com/media/catalog/product/cache/7e00eb21d3013c69d32459d0d98e2fbf/s/k/skin1004-madagascar-centella-poremizing-light-gel-cream-75ml-65.jpg,SKIN1004 - Madagascar Centella Poremizing Light Gel Cream - 75ml,14.11,SKIN1004,4.5,32,,0,,0,moisturizer
,,https://www.stylevana.com/en_US/aplb-azelaic-acid-peptide-facial-cream-55ml4791.html,https://sv9-cdn.stylevana.com/media/catalog/product/cache/7e00eb21d3013c69d32459d0d98e2fbf/a/p/aplb-azelaic-acid-peptide-facial-cream-55ml-118.jpg,APLB - Azelaic Acid Peptide Facial Cream - 55ml,10.63,APLB,4.9,16,,0,,0,moisturizer
,,https://www.stylevana.com/en_US/beauty-of-joseon-dynasty-cream-tube-100ml70390.html,https://sv9-cdn.stylevana.com/media/catalog/product/cache/7e00eb21d3013c69d32459d0d98e2fbf/b/e/beauty-of-joseon-dynasty-cream-tube-100ml-505.jpg,BEAUTY OF JOSEON - Dynasty Cream (Tube) - 100ml,33.2,BEAUTY OF JOSEON,4.8,12,,0,,0,moisturizer
,,https://www.stylevana.com/en_US/etude-soon-jung-2x-barrier-intensive-cream-2023-new-version-60ml5789.html,https://sv9-cdn.stylevana.com/media/catalog/product/cache/7e00eb21d3013c69d32459d0d98e2fbf/e/t/etude-house-soon-jung-2x-barrier-intensive-cream-2023-new-version-60ml-367.jpg,ETUDE - Soon Jung 2x Barrier Intensive Cream (2023 New Version) - 60ml,11.63,Etude,4.5,129,,0,,0,moisturizer
,,https://www.stylevana.com/en_US/medicube-collagen-jelly-cream-110ml6718.html,https://sv9-cdn.stylevana.com/media/catalog/product/cache/7e00eb21d3013c69d32459d0d98e2fbf/m/e/medicube-collagen-jelly-cream-110ml-262.jpg,medicube - Collagen Jelly Cream - 110ml,30.38,medicube,4.3,119,,0,,0,moisturizer
,,https://www.stylevana.com/en_US/skin1004-madagascar-centella-probio-cica-enrich-cream-50ml7750.html,,SKIN1004 - Madagascar Centella Probio-Cica Enrich Cream - 50ml,16.27,SKIN1004,4.5,676,,0,,0,moisturizer
,,https://www.stylevana.com/en_US/haruharu-wonder-black-rice-hyaluronic-toner-fragrance-free-300ml29892.html,https://sv9-cdn.stylevana.com/media/catalog/product/cache/7e00eb21d3013c69d32459d0d98e2fbf/h/a/haruharu-wonder-black-rice-hyaluronic-toner-fragrance-free-300ml-318.jpg,haruharu wonder - Black Rice Hyaluronic Toner - Fragrance Free - 300ml,19.2,haruharu wonder,4.8,56,,0,,0,toner
,,https://www.stylevana.com/en_US/haruharu-wonder-black-rice-hyaluronic-toner-fragrance-free-150ml29899.html,https://sv9-cdn.stylevana.com/media/catalog/product/cache/7e00eb21d3013c69d32459d0d98e2fbf/h/a/haruharu-wonder-black-rice-hyaluronic-toner-fragrance-free-150ml-877.jpg,haruharu wonder - Black Rice Hyaluronic Toner - Fragrance Free - 150ml,9.99,haruharu wonder,4.6,963,,0,,0,toner
,,https://www.stylevana.com/en_US/rohto-mentholatum-hada-labo-shirojyun-premium-whitening-lotion-170ml-moist-japan-version-170ml30419.html,https://sv9-cdn.stylevana.com/media/catalog/product/cache/7e00eb21d3013c69d32459d0d98e2fbf/r/o/rohto-mentholatum-hada-labo-shirojyun-premium-whitening-lotion-170ml-moist-japan-version-170ml-2021-version-774.jpg,Rohto Mentholatum  - Hada Labo - Shirojyun Premium Whitening Lotion 170ml - Moist (Japan Version) - 170ml,14.49,Rohto Mentholatum,4.5,65,,0,,0,toner
,,https://www.stylevana.com/en_US/ishizawa-lab-sukoyaka-suhada-urea-moisturising-toner-200ml30053.html,https://sv9-cdn.stylevana.com/media/catalog/product/cache/7e00eb21d3013c69d32459d0d98e2fbf/i/s/ishizawa-lab-sukoyaka-suhada-urea-moisturising-toner-200ml-992.jpg,Ishizawa-Lab - Sukoyaka Suhada Urea Moisturising Toner - 200ml,26.69,Ishizawa-Lab,4.8,5,,0,,0,toner
,,https://www.stylevana.com/en_US/skin1004-madagascar-centella-probio-cica-essence-toner-210ml31050.html,https://sv9-cdn.stylevana.com/media/catalog/product/cache/7e00eb21d3013c69d32459d0d98e2fbf/s/k/skin1004-madagascar-centella-probio-cica-essence-toner-210ml-752.jpg,SKIN1004 - Madagascar Centella Probio-Cica Essence Toner - 210ml,15.19,SKIN1004,,0,,0,,0,toner
,,https://www.stylevana.com/en_US/purito-seoul-wonder-releaf-centella-toner-unscented-200ml30781.html,https://sv9-cdn.stylevana.com/media/catalog/product/cache/7e00eb21d3013c69d32459d0d98e2fbf/p/u/purito-wonder-releaf-centella-toner-unscented-200ml-113.jpg,Purito SEOUL - Wonder Releaf Centella Toner Unscented - 200ml,17.71,Purito SEOUL,4.9,26,,0,,0,toner
,,https://www.stylevana.com/en_US/celimax-the-real-noni-energy-ampoule-mist-50ml21555.html,https://sv9-cdn.stylevana.com/media/catalog/product/cache/7e00eb21d3013c69d32459d0d98e2fbf/c/e/celimax-the-real-noni-energy-ampoule-mist-50ml-837.jpg,CELIMAX - The Real Noni Energy Ampoule Mist - 50ml,16.27,CELIMAX,5.0,4,,0,,0,toner
,,https://www.stylevana.com/en_US/eqqualberry-swimming-pool-daily-facial-toner-155ml29737.html,https://sv9-cdn.stylevana.com/media/catalog/product/cache/7e00eb21d3013c69d32459d0d98e2fbf/e/q/eqqualberry-swimming-pool-daily-facial-toner-155ml-639.jpg,EQQUALBERRY - Swimming Pool Daily Facial Toner - 155ml,14.99,EQQUALBERRY,,0,,0,,0,toner
,,https://www.stylevana.com/en_US/dear-klairs-supple-preparation-unscented-toner.html,https://sv9-cdn.stylevana.com/media/catalog/product/cache/7e00eb21d3013c69d32459d0d98e2fbf/d/e/dear-klairs-supple-preparation-unscented-toner-180ml-937.jpg,"Dear, Klairs - Supple Preparation Unscented Toner",20.29,"Dear, Klairs",,0,,0,,0,toner
,,https://www.stylevana.com/en_US/cosrx-aha-bha-clarifying-treatment-toner-150ml29510.html,https://sv9-cdn.stylevana.com/media/catalog/product/cache/7e00eb21d3013c69d32459d0d98e2fbf/c/o/cosrx-aha-bha-clarifying-treatment-toner-150ml-956.jpg,COSRX - AHA/BHA Clarifying Treatment Toner 150ml,15.19,COSRX,4.5,176,,0,,0,toner
,,https://www.stylevana.com/en_US/laneige-cream-skin-cerapeptide-refiner-50ml30297.html,https://sv9-cdn.stylevana.com/media/catalog/product/cache/7e00eb21d3013c69d32459d0d98e2fbf/l/a/laneige-cream-skin-cerapeptide-refiner-50ml-839.jpg,LANEIGE - Cream Skin Cerapeptide Refiner - 50ml,8.09,LANEIGE,4.7,12,,0,,0,toner
,,https://www.stylevana.com/en_US/genabelle-pdrn-rejuvenating-toner-300ml29851.html,https://sv9-cdn.stylevana.com/media/catalog/product/cache/7e00eb21d3013c69d32459d0d98e2fbf/g/e/genabelle-pdrn-rejuvenating-toner-300ml-861.jpg,Genabelle - PDRN Rejuvenating Toner - 300ml,24.0,Genabelle,5.0,10,,0,,0,toner
,,https://www.stylevana.com/en_US/some-by-mi-aha-bha-pha-30-days-miracle-toner-30ml31136.html,https://sv9-cdn.stylevana.com/media/catalog/product/cache/7e00eb21d3013c69d32459d0d98e2fbf/s/o/some-by-mi-aha-bha-pha-30-days-miracle-toner-30ml-449.jpg,SOME BY MI - AHA-BHA-PHA 30 Days Miracle Toner - 30ml,4.87,SOME BY MI,4.5,11,,0,,0,toner
,,https://www.stylevana.com/en_US/skin1004-madagascar-centella-hyalu-cica-cloudy-mist-120ml21793.html,https://sv9-cdn.stylevana.com/media/catalog/product/cache/7e00eb21d3013c69d32459d0d98e2fbf/s/k/skin1004-madagascar-centella-hyalu-cica-cloudy-mist-120ml-73.jpg,SKIN1004 - Madagascar Centella Hyalu-Cica Cloudy Mist - 120ml,14.11,SKIN1004,3.7,23,,0,,0,toner
,,https://www.stylevana.com/en_US/acwell-licorice-ph-balancing-cleansing-toner-150ml29189.html,https://sv9-cdn.stylevana.com/media/catalog/product/cache/7e00eb21d3013c69d32459d0d98e2fbf/a/c/acwell-licorice-ph-balancing-cleansing-toner-150ml-31.jpg,ACWELL - Licorice pH Balancing Cleansing Toner - 150ml,18.0,ACWELL,4.5,26,,0,,0,toner
,,https://www.stylevana.com/en_US/anua-heartleaf-77-soothing-toner-500ml29229.html,https://sv9-cdn.stylevana.com/media/catalog/product/cache/7e00eb21d3013c69d32459d0d98e2fbf/a/n/anua-heartleaf-77-soothing-toner-500ml-361.jpg,ANUA - Heartleaf 77% Soothing Toner - 500ml,32.28,ANUA,4.7,59,,0,,0,toner
,,https://www.stylevana.com/en_US/i-m-from-rice-toner-30ml29978.html,https://sv9-cdn.stylevana.com/media/catalog/product/cache/7e00eb21d3013c69d32459d0d98e2fbf/i/-/i-m-from-rice-toner-30ml-391.jpg,I'm From - Rice Toner - 30ml,5.6,I'm From,4.6,79,,0,,0,toner
,,https://www.stylevana.com/en_US/cosrx-full-fit-propolis-synergy-toner-150ml29502.html,https://sv9-cdn.stylevana.com/media/catalog/product/cache/7e00eb21d3013c69d32459d0d98e2fbf/c/o/cosrx-full-fit-propolis-synergy-toner-150ml-793.jpg,COSRX - Full Fit Propolis Synergy Toner - 150ml,16.71,COSRX,4.6,216,,0,,0,toner
,,https://www.stylevana.com/en_US/isntree-green-tea-fresh-toner.html,https://sv9-cdn.stylevana.com/media/catalog/product/cache/7e00eb21d3013c69d32459d0d98e2fbf/i/s/isntree-green-tea-fresh-toner-200ml-548.jpg,Isntree - Green Tea Fresh Toner,16.2,Isntree,4.7,572,,0,,0,toner
,,https://www.stylevana.com/en_US/anua-rice-70-glow-milky-toner-40ml29215.html,https://sv9-cdn.stylevana.com/media/catalog/product/cache/7e00eb21d3013c69d32459d0d98e2fbf/a/n/anua-rice-70-glow-milky-toner-40ml-117.jpg,ANUA - Rice 70 Glow Milky Toner - 40ml,5.29,ANUA,4.9,10,,0,,0,toner
,,https://www.stylevana.com/en_US/numbuz-n-no-3-super-glowing-essence-toner-200ml.html,https://sv9-cdn.stylevana.com/media/catalog/product/cache/7e00eb21d3013c69d32459d0d98e2fbf/n/u/numbuzin-no-3-super-glowing-essence-toner-200ml-865.jpg,numbuz:n - No.3 Super Glowing Essence Toner - 200ml,19.1,numbuzin,4.4,129,,0,,0,toner
,,https://www.stylevana.com/en_US/skin1004-madagascar-centella-toning-toner-210ml31064.html,https://sv9-cdn.stylevana.com/media/catalog/product/cache/7e00eb21d3013c69d32459d0d98e2fbf/s/k/skin1004-madagascar-centella-toning-toner-210ml-817.jpg,SKIN1004 - Madagascar Centella Toning Toner - 210ml,14.11,SKIN1004,4.8,61,,0,,0,toner
,,https://www.stylevana.com/en_US/anua-heartleaf-77-soothing-toner-mini-size-40ml29231.html,https://sv9-cdn.stylevana.com/media/catalog/product/cache/7e00eb21d3013c69d32459d0d98e2fbf/a/n/anua-heartleaf-77-soothing-toner-mini-size-40ml-391.jpg,ANUA - Heartleaf 77% Soothing Toner (Mini Size) - 40ml,5.29,ANUA,4.6,85,,0,,0,toner
,,https://www.stylevana.com/en_US/celimax-dual-barrier-creamy-toner-150ml29498.html,https://sv9-cdn.stylevana.com/media/catalog/product/cache/7e00eb21d3013c69d32459d0d98e2fbf/c/e/celimax-dual-barrier-creamy-toner-150ml-502.jpg,CELIMAX - Dual Barrier Creamy Toner - 150ml,19.53,CELIMAX,4.6,25,,0,,0,toner
,,https://www.stylevana.com/en_US/beauty-of-joseon-green-plum-refreshing-toner-aha-bha-150ml29427.html,https://sv9-cdn.stylevana.com/media/catalog/product/cache/7e00eb21d3013c69d32459d0d98e2fbf/b/e/beauty-of-joseon-green-plum-refreshing-toner-aha-bha-150ml-410.jpg,BEAUTY OF JOSEON - Green Plum Refreshing Toner : AHA + BHA - 150ml,17.58,BEAUTY OF JOSEON,4.2,39,,0,,0,toner
,,https://www.stylevana.com/en_US/anua-rice-70-glow-milky-toner-250ml29217.html,https://sv9-cdn.stylevana.com/media/catalog/product/cache/7e00eb21d3013c69d32459d0d98e2fbf/a/n/anua-rice-70-glow-milky-toner-250ml-906.jpg,ANUA - Rice 70 Glow Milky Toner - 250ml,21.0,ANUA,4.6,29,,0,,0,toner
,,https://www.stylevana.com/en_US/some-by-mi-aha-bha-pha-30-days-miracle-toner-150ml31146.html,https://sv9-cdn.stylevana.com/media/catalog/product/cache/7e00eb21d3013c69d32459d0d98e2fbf/s/o/some-by-mi-aha-bha-pha-30-days-miracle-toner-150ml--603.jpg,SOME BY MI - AHA-BHA-PHA 30 Days Miracle Toner - 150ml,15.71,SOME BY MI,4.6,272,,0,,0,toner
,,https://www.stylevana.com/en_US/tirtir-milk-skin-toner-20ml31255.html,https://sv9-cdn.stylevana.com/media/catalog/product/cache/7e00eb21d3013c69d32459d0d98e2fbf/t/i/tirtir-milk-skin-toner-20ml-196.jpg,TirTir - Milk Skin Toner - 20ml,3.04,TirTir,3.9,17,,0,,0,toner
,,https://www.stylevana.com/en_US/round-lab-1025-dokdo-toner.html,https://sv9-cdn.stylevana.com/media/catalog/product/cache/7e00eb21d3013c69d32459d0d98e2fbf/r/o/round-lab-1025-dokdo-toner-437.jpg,Round Lab - 1025 Dokdo Toner,8.0,Round Lab,,0,,0,,0,toner
,,https://www.stylevana.com/en_US/eqqualberry-swimming-pool-daily-facial-toner-300ml29738.html,https://sv9-cdn.stylevana.com/media/catalog/product/cache/7e00eb21d3013c69d32459d0d98e2fbf/e/q/eqqualberry-swimming-pool-daily-facial-toner-300ml-690.jpg,EQQUALBERRY - Swimming Pool Daily Facial Toner - 300ml,21.99,EQQUALBERRY,,0,,0,,0,toner
,,https://www.stylevana.com/en_US/anua-heartleaf-77-soothing-toner-250ml29232.html,https://sv9-cdn.stylevana.com/media/catalog/product/cache/7e00eb21d3013c69d32459d0d98e2fbf/a/n/anua-heartleaf-77-soothing-toner-250ml-672.jpg,ANUA - Heartleaf 77% Soothing Toner - 250ml,21.0,ANUA,4.4,225,,0,,0,toner
,,https://www.stylevana.com/en_US/tirtir-milk-skin-toner-150ml31263.html,https://sv9-cdn.stylevana.com/media/catalog/product/cache/7e00eb21d3013c69d32459d0d98e2fbf/t/i/tirtir-milk-skin-toner-150ml-359.jpg,TirTir - Milk Skin Toner - 150ml,21.7,TirTir,4.6,112,,0,,0,toner
,,https://www.stylevana.com/en_US/tonymoly-wonder-ceramide-mochi-toner-500ml31307.html,https://sv9-cdn.stylevana.com/media/catalog/product/cache/7e00eb21d3013c69d32459d0d98e2fbf/t/o/tonymoly-wonder-ceramide-mocchi-toner-500ml-802.jpg,TONYMOLY - Wonder Ceramide Mochi Toner - 500ml,13.19,TONYMOLY,4.8,99,,0,,0,toner
,,https://www.stylevana.com/en_US/beauty-of-joseon-glow-replenishing-rice-milk-150ml29415.html,https://sv9-cdn.stylevana.com/media/catalog/product/cache/7e00eb21d3013c69d32459d0d98e2fbf/b/e/beauty-of-joseon-glow-replenishing-rice-milk-150ml-652.jpg,BEAUTY OF JOSEON - Glow Replenishing Rice Milk - 150ml,17.58,BEAUTY OF JOSEON,4.6,20,,0,,0,toner
,,https://www.stylevana.com/en_US/pyunkang-yul-essence-toner.html,,Pyunkang Yul  - Essence Toner,15.18,Pyunkang Yul,4.7,245,,0,,0,toner
